region,duracion_contrato,edad,estado_civil,dirección,renta,estado _laboral,CNAE,retirado,genero,tipo_vivienda,tollfree,equip,tarjeta_llamadas,wireless,larga_distancia_mes,toll_free_mes,equip_mes,tarjeta_mes,wifi_mes,larga_distancia_antiguedad,toll_free_antiguedad,equip_antiguedad,tarjeta_antiguedad,wifi_antiguedad,multilinea,voz,pager,internet,callid,callwait,forward,confer,ebill,larga_distancia_log,toll_free_log,equip_log,tarjeta_log,wifi_log,log_renta,categoria_cliente,abandono
2,13,44,1,9,64,4,5,0,0,2,0,0,1,0,4,0,0,8,0,37,0,0,110,0,0,0,0,0,0,0,1,0,0,1,,,2,,4,1,1
3,11,33,1,7,136,5,5,0,0,6,1,0,1,1,4,21,0,15,36,42,211,0,125,380,0,1,1,0,1,1,1,1,0,1,3,,3,4,5,4,1
3,68,52,1,24,116,1,29,0,1,2,1,0,1,0,18,18,0,30,0,1301,1247,0,2150,0,0,0,0,0,1,1,0,1,0,3,3,,3,,5,3,0
2,33,33,0,12,33,2,0,0,1,1,0,0,0,0,9,0,0,0,0,289,0,0,0,0,0,0,0,0,0,0,0,0,0,2,,,,,3,1,1
2,23,30,1,9,30,1,2,0,0,4,0,0,0,0,6,0,0,0,0,157,0,0,0,0,0,0,0,0,1,0,1,1,0,2,,,,,3,3,0
2,41,39,0,17,78,2,16,0,1,1,1,0,1,0,12,19,0,14,0,487,798,0,570,0,0,0,0,0,1,1,0,0,0,2,3,,3,,4,3,0
3,45,22,1,2,19,2,4,0,1,5,0,0,1,0,11,0,0,9,0,505,0,0,415,0,1,0,0,1,0,1,0,0,1,2,,,2,,3,2,1
2,38,35,0,5,76,2,10,0,0,3,1,1,1,1,6,45,50,23,65,240,1873,1821,880,2257,1,1,1,1,1,1,1,1,1,2,4,4,3,4,4,4,0
3,45,59,1,7,166,4,31,0,0,5,1,0,1,0,10,29,0,12,0,449,1240,0,505,0,1,0,0,0,1,1,1,1,0,2,3,,2,,5,3,0
1,68,41,1,21,72,1,22,0,0,3,0,0,1,0,24,0,0,17,0,1660,0,0,1155,0,1,0,0,0,0,0,0,0,0,3,,,3,,4,2,0
2,5,33,0,10,125,4,5,0,1,1,0,1,0,0,5,0,26,0,0,17,0,110,0,0,0,0,1,1,0,0,0,0,1,2,,3,,,5,1,1
3,7,35,0,14,80,2,15,0,1,1,1,0,1,0,7,22,0,24,0,47,166,0,145,0,0,1,0,0,1,1,1,1,0,2,3,,3,,4,3,0
1,41,38,1,8,37,2,9,0,1,3,0,0,1,0,9,0,0,42,0,309,0,0,1650,0,0,0,0,0,0,0,0,0,0,2,,,4,,4,1,0
2,57,54,1,30,115,4,23,0,1,3,1,1,0,1,16,46,47,0,61,825,2624,2591,0,3349,1,1,1,1,1,1,1,1,1,3,4,4,,4,5,4,1
2,9,46,0,3,25,1,8,0,1,2,0,0,0,0,4,0,0,0,0,37,0,0,0,0,0,0,0,0,0,0,0,0,0,1,,,,,3,1,0
1,29,38,1,12,75,5,1,0,0,4,0,1,1,0,5,0,30,11,0,146,0,781,295,0,1,0,0,1,0,0,0,0,0,2,,3,2,,4,2,0
3,60,57,0,38,162,2,30,0,0,1,1,1,1,0,16,30,31,30,0,947,1768,1789,1795,0,1,0,0,0,1,1,1,1,0,3,3,3,3,,5,3,0
3,34,48,0,3,49,2,6,0,1,3,1,0,0,0,7,19,0,0,0,231,614,0,0,0,0,0,0,0,0,1,1,1,0,2,3,,,,4,3,0
2,1,24,0,3,20,1,3,0,0,1,0,0,0,0,1,0,0,0,0,1,0,0,0,0,0,0,0,0,0,0,0,0,0,0,,,,,3,1,0
1,26,29,1,3,77,4,2,0,0,4,0,1,1,1,7,0,48,24,38,141,0,1133,610,910,1,1,0,1,1,1,1,1,1,2,,4,3,4,4,4,1
3,6,30,0,7,16,3,1,0,1,1,0,1,0,1,4,0,34,0,19,26,0,175,0,78,1,0,1,1,0,1,0,0,0,1,,4,,3,3,2,1
1,68,52,1,17,120,1,24,0,0,2,0,0,1,0,21,0,0,22,0,1391,0,0,1505,0,0,0,0,0,0,0,1,0,0,3,,,3,,5,1,0
3,53,33,0,10,101,5,4,0,1,2,0,1,1,1,5,0,50,27,51,253,0,2500,1340,2645,1,1,0,1,0,1,1,1,1,2,,4,3,4,5,4,0
3,55,48,1,19,67,1,25,0,0,3,0,0,1,0,15,0,0,27,0,810,0,0,1390,0,0,0,0,0,0,0,0,0,0,3,,,3,,4,1,0
3,14,43,1,18,36,1,5,0,0,5,1,0,1,0,13,20,0,18,0,154,274,0,215,0,0,0,0,0,1,1,1,1,0,3,3,,3,,4,3,0
2,1,21,0,0,33,2,0,0,1,3,1,0,1,0,2,21,0,41,0,2,21,0,41,0,0,0,0,0,0,1,1,1,0,1,3,,4,,3,3,0
2,42,40,0,7,37,2,8,0,1,1,1,1,1,1,8,24,37,28,37,399,951,1533,1190,1562,1,1,0,1,1,1,0,1,1,2,3,4,3,4,4,4,0
3,25,33,1,11,31,1,5,0,0,4,0,0,0,0,9,0,0,0,0,235,0,0,0,0,1,0,0,0,1,0,1,0,0,2,,,,,3,3,0
1,9,21,1,1,17,2,2,0,1,3,0,0,0,0,3,0,0,0,0,25,0,0,0,0,0,0,0,0,1,0,0,0,0,1,,,,,3,1,0
2,13,33,1,9,19,4,0,0,1,2,0,1,0,0,6,0,27,0,0,75,0,331,0,0,1,0,0,1,0,0,0,1,1,2,,3,,,3,2,0
1,56,37,1,6,36,1,13,0,1,2,0,1,1,0,11,0,31,18,0,583,0,1756,1005,0,1,0,0,1,0,0,0,0,1,2,,3,3,,4,2,0
1,71,53,1,27,155,5,12,0,0,2,1,0,1,1,21,56,0,34,50,1519,4064,0,2345,3647,1,1,0,1,0,0,1,1,1,3,4,,4,4,5,4,0
1,35,50,1,26,140,2,21,0,1,4,1,0,1,0,7,28,0,35,0,248,1068,0,1215,0,0,0,0,0,0,1,1,1,0,2,3,,4,,5,3,0
1,11,27,1,8,55,5,0,0,0,3,0,1,0,0,5,0,20,0,0,54,0,220,0,0,1,0,0,1,0,0,0,0,0,2,,3,,,4,2,0
2,60,46,1,13,163,3,24,0,0,2,1,1,1,1,34,38,45,14,55,1948,2326,2646,840,3126,1,1,1,1,0,1,1,1,1,4,4,4,3,4,5,4,0
3,20,35,1,11,52,4,0,0,0,2,0,1,0,0,4,0,31,0,0,83,0,547,0,0,1,0,0,1,0,0,0,0,1,1,,3,,,4,2,1
2,54,60,0,38,211,4,25,0,0,1,1,1,1,1,21,39,46,54,55,1229,2102,2421,2785,2896,1,1,1,1,1,0,0,1,1,3,4,4,4,4,5,4,0
1,44,57,1,1,186,2,17,0,0,2,1,0,1,1,10,34,0,36,42,428,1380,0,1535,1827,1,1,0,0,1,1,1,1,0,2,4,,4,4,5,3,0
1,11,41,1,0,39,1,1,0,1,2,1,0,1,0,7,29,0,20,0,68,304,0,200,0,0,1,0,0,1,1,1,1,0,2,3,,3,,4,3,1
2,72,57,0,34,22,2,35,1,1,1,1,0,1,0,42,49,0,19,0,3043,3581,0,1360,0,1,0,0,0,1,1,1,1,0,4,4,,3,,3,3,0
3,10,41,0,7,30,1,7,0,0,1,1,0,1,0,3,19,0,54,0,31,178,0,490,0,0,0,0,0,1,1,1,1,0,1,3,,4,,3,3,0
2,15,28,0,0,29,2,4,0,1,1,1,0,1,0,4,30,0,18,0,78,426,0,255,0,0,0,0,0,1,1,1,1,0,1,3,,3,,3,3,0
2,27,28,1,4,23,2,8,0,0,5,0,0,0,0,6,0,0,0,0,180,0,0,0,0,0,0,0,0,1,0,0,0,0,2,,,,,3,1,0
1,9,36,1,14,62,4,10,0,0,6,0,1,0,1,6,0,47,0,49,43,0,387,0,365,1,1,1,1,0,0,0,1,1,2,,4,,4,4,4,1
1,64,43,1,20,76,4,20,0,1,4,1,0,1,0,15,19,0,11,0,897,1279,0,680,0,1,0,0,0,1,1,0,1,0,3,3,,2,,4,3,0
1,65,41,1,3,74,4,16,0,0,2,0,1,1,0,15,0,37,17,0,963,0,2263,1065,0,1,1,0,1,0,0,0,0,1,3,,4,3,,4,2,0
1,49,51,1,27,63,4,19,0,0,5,1,0,1,0,13,26,0,14,0,586,1278,0,635,0,1,0,0,1,0,1,0,0,1,3,3,,3,,4,2,0
3,47,41,1,0,36,4,8,0,0,2,0,1,1,1,8,0,37,19,39,361,0,1718,845,1730,1,0,1,1,0,1,0,1,1,2,,4,3,4,4,4,1
3,9,34,1,9,33,2,8,0,1,4,0,1,0,0,3,0,23,0,0,19,0,209,0,0,0,0,0,0,0,0,0,0,0,1,,3,,,3,1,1
1,5,36,0,14,29,2,9,0,1,1,1,0,1,1,3,32,0,16,27,17,155,0,60,99,0,0,0,1,1,1,1,1,1,1,3,,3,3,3,3,1
2,30,34,1,4,27,2,1,0,0,5,0,1,0,0,6,0,23,0,0,151,0,691,0,0,0,0,0,1,0,0,0,0,0,2,,3,,,3,1,1
1,56,52,1,28,49,2,12,0,0,4,0,0,1,0,25,0,0,22,0,1349,0,0,1215,0,1,0,0,0,0,0,0,0,0,3,,,3,,4,2,0
3,10,22,0,0,24,4,0,0,0,1,1,1,1,1,8,24,37,23,30,63,223,330,185,306,1,1,1,1,1,1,1,1,1,2,3,4,3,3,3,4,0
1,7,26,1,3,26,2,2,0,0,5,1,0,0,0,5,16,0,0,0,34,137,0,0,0,0,0,0,0,0,1,0,0,0,2,3,,,,3,1,0
1,52,27,0,6,47,3,5,0,0,2,1,0,1,0,6,19,0,14,0,330,943,0,725,0,0,0,0,0,1,0,0,0,1,2,3,,3,,4,1,0
2,36,45,1,1,94,2,18,0,1,5,1,1,0,0,7,16,28,0,0,259,554,1044,0,0,0,0,1,1,1,0,0,1,0,2,3,3,,,5,1,1
3,27,34,0,8,21,3,4,0,1,1,0,0,0,0,8,0,0,0,0,213,0,0,0,0,1,0,0,0,0,0,0,0,0,2,,,,,3,2,0
1,58,62,1,36,27,1,0,0,0,2,0,0,1,0,16,0,0,35,0,967,0,0,1910,0,0,0,0,0,0,0,0,0,0,3,,,4,,3,1,0
2,41,52,0,27,30,2,2,0,1,1,1,0,1,1,10,28,0,19,28,448,1152,0,800,1037,0,0,0,0,1,1,1,1,0,2,3,,3,3,3,3,0
2,47,40,1,16,127,4,12,0,1,4,0,1,1,0,20,0,28,15,0,910,0,1320,680,0,1,0,0,1,0,0,0,0,1,3,,3,3,,5,2,0
2,55,39,1,15,137,2,20,0,1,2,1,0,1,0,13,28,0,12,0,677,1505,0,620,0,0,1,0,0,1,1,1,1,0,3,3,,2,,5,3,1
2,56,50,1,1,80,2,24,0,1,4,1,0,1,1,29,56,0,21,61,1558,3119,0,1065,3268,1,1,1,0,1,1,1,1,0,3,4,,3,4,4,4,0
3,35,55,0,24,30,2,2,0,0,1,0,0,1,0,10,0,0,16,0,396,0,0,550,0,0,0,0,0,0,0,0,0,0,2,,,3,,3,1,0
2,69,51,1,11,438,4,23,0,1,2,0,1,1,0,29,0,47,25,0,1815,0,3064,1655,0,1,0,1,1,1,0,0,1,0,3,,4,3,,6,4,0
2,44,39,0,16,79,2,16,0,0,1,1,1,1,1,15,25,37,27,30,654,1037,1610,1110,1280,1,0,1,1,1,1,1,1,1,3,3,4,3,3,4,4,1
3,36,47,1,16,63,1,23,0,0,2,0,0,1,0,9,0,0,7,0,374,0,0,220,0,0,0,0,0,0,0,0,0,0,2,,,2,,4,1,0
3,28,51,1,22,40,3,10,0,1,6,1,0,0,0,9,21,0,0,0,254,587,0,0,0,0,0,0,0,1,1,1,1,0,2,3,,,,4,3,0
1,72,67,1,44,51,1,34,1,0,2,1,0,1,0,57,52,0,19,0,4168,3658,0,1345,0,1,0,0,0,1,1,1,1,0,4,4,,3,,4,3,0
1,16,27,0,5,37,3,5,0,0,4,0,0,0,0,6,0,0,0,0,81,0,0,0,0,0,0,0,0,0,0,0,0,0,2,,,,,4,1,0
3,3,43,0,19,61,4,11,0,1,1,0,1,1,1,3,0,27,16,18,8,0,53,20,38,0,0,0,1,1,0,0,1,1,1,,3,3,3,4,1,1
1,40,57,1,15,22,2,9,0,0,2,0,0,1,0,9,0,0,20,0,382,0,0,710,0,0,0,0,0,0,0,0,0,0,2,,,3,,3,1,0
3,16,39,0,6,44,4,3,0,1,1,0,1,0,0,7,0,23,0,0,96,0,350,0,0,1,0,0,1,0,0,0,0,1,2,,3,,,4,2,0
1,20,42,0,4,17,3,5,0,0,1,0,0,0,0,8,0,0,0,0,176,0,0,0,0,0,0,0,0,0,0,0,0,0,2,,,,,3,1,0
2,48,43,0,13,110,5,15,0,1,3,0,1,0,1,7,0,34,0,21,359,0,1573,0,1010,1,1,0,1,0,0,0,0,1,2,,4,,3,5,2,0
2,64,48,1,13,91,2,24,0,0,2,1,0,1,1,25,25,0,13,30,1532,1569,0,780,1876,1,0,0,0,1,1,1,1,0,3,3,,3,3,5,3,0
1,8,46,0,3,46,2,8,0,0,1,0,1,0,0,3,0,25,0,0,17,0,172,0,0,0,0,1,1,0,0,0,0,1,1,,3,,,4,1,0
1,40,38,1,10,85,3,12,0,0,2,0,0,0,0,11,0,0,0,0,385,0,0,0,0,0,0,0,0,1,1,1,1,0,2,,,,,4,3,1
2,38,71,0,27,10,2,12,1,0,1,0,0,0,0,11,0,0,0,0,430,0,0,0,0,0,0,0,0,0,0,0,1,0,2,,,,,2,1,0
1,67,68,0,28,244,1,47,0,1,1,1,0,1,0,30,30,0,31,0,2186,2036,0,2105,0,0,1,0,0,1,1,1,1,0,3,3,,3,,5,3,0
1,26,42,0,0,80,4,15,0,1,1,1,1,1,1,8,44,50,11,44,197,1123,1159,250,1177,1,1,1,1,1,1,1,1,1,2,4,4,2,4,4,4,0
3,41,34,1,15,83,5,1,0,1,2,1,0,1,0,9,34,0,6,0,380,1404,0,220,0,1,1,1,1,1,1,1,1,0,2,4,,2,,4,4,0
2,2,31,0,2,21,1,6,0,0,1,0,1,0,0,2,0,22,0,0,3,0,17,0,0,0,0,0,0,0,0,0,1,0,1,,3,,,3,1,1
3,20,48,1,29,24,2,3,0,0,2,1,0,1,0,12,23,0,35,0,231,453,0,675,0,1,1,1,0,1,1,1,1,0,2,3,,4,,3,4,1
2,31,53,0,2,351,3,31,0,1,1,1,0,1,0,6,32,0,19,0,185,1010,0,585,0,0,0,1,0,1,1,1,1,0,2,3,,3,,6,3,0
2,45,52,1,4,169,4,29,0,1,4,0,1,1,0,15,0,40,14,0,618,0,1820,690,0,1,0,0,1,0,0,0,0,0,3,,4,3,,5,2,0
2,33,27,1,7,46,2,7,0,0,4,0,1,0,0,7,0,29,0,0,243,0,924,0,0,0,0,0,0,0,0,0,0,1,2,,3,,,4,1,0
1,10,26,0,6,34,3,3,0,0,1,0,1,0,0,5,0,28,0,0,42,0,223,0,0,1,0,0,0,0,0,0,0,0,2,,3,,,4,2,0
2,62,54,1,2,50,4,3,0,0,2,0,1,1,1,17,0,48,88,33,1068,0,2864,5455,2023,1,1,1,1,1,0,1,0,1,3,,4,4,4,4,4,1
2,4,35,0,16,161,5,6,0,1,1,1,1,0,1,3,24,50,0,36,10,103,127,0,135,0,1,1,1,1,1,1,1,1,1,3,4,,4,5,4,1
1,42,47,1,17,212,4,17,0,0,2,1,0,1,0,7,27,0,25,0,321,1164,0,1035,0,0,0,0,0,1,1,1,0,0,2,3,,3,,5,3,0
3,27,51,1,3,80,5,11,0,0,3,0,1,0,0,7,0,39,0,0,176,0,1087,0,0,1,0,1,1,0,0,0,0,1,2,,4,,,4,2,0
2,38,42,0,1,30,4,7,0,1,1,1,0,0,0,13,28,0,0,0,496,1088,0,0,0,0,0,0,0,0,1,0,0,0,3,3,,,,3,1,0
3,52,61,1,3,53,5,1,0,1,2,0,1,1,1,12,0,38,9,36,632,0,1884,465,1971,1,1,0,1,0,0,0,1,1,3,,4,2,4,4,2,0
3,35,33,0,9,73,5,4,0,1,1,1,0,1,1,6,38,0,22,40,217,1338,0,700,1424,1,1,1,1,1,1,1,1,1,2,4,,3,4,4,4,0
3,3,20,1,1,17,2,0,0,1,4,0,0,0,0,4,0,0,0,0,12,0,0,0,0,0,0,0,0,0,0,0,0,1,1,,,,,3,1,1
2,17,33,0,9,23,5,3,0,0,1,0,1,1,1,10,0,36,15,31,196,0,571,220,529,1,1,0,1,1,1,0,0,1,2,,4,3,3,3,4,1
1,55,53,1,21,34,1,8,0,0,2,0,0,0,0,6,0,0,0,0,304,0,0,0,0,0,0,0,0,0,1,1,1,0,2,,,,,4,3,0
3,43,36,1,5,107,1,19,0,1,3,1,0,1,0,12,13,0,22,0,492,584,0,910,0,1,0,0,0,0,0,0,0,0,2,3,,3,,5,2,1
2,47,25,1,5,21,1,1,0,1,2,1,0,1,0,9,31,0,9,0,427,1465,0,405,0,0,0,0,0,0,1,1,1,0,2,3,,2,,3,3,1
3,65,58,0,30,83,2,16,0,1,1,0,0,1,0,19,0,0,23,0,1323,0,0,1370,0,1,0,0,0,0,1,0,0,0,3,,,3,,4,2,0
1,13,20,0,1,17,3,0,0,0,5,0,1,1,0,3,0,31,14,0,40,0,391,155,0,1,0,0,1,1,1,1,1,1,1,,3,3,,3,4,0
3,64,25,1,4,76,3,2,0,1,6,0,1,1,0,24,0,35,21,0,1537,0,2288,1400,0,1,0,0,0,1,0,1,1,1,3,,4,3,,4,3,0
2,12,24,0,2,19,1,0,0,0,1,1,0,1,0,4,25,0,27,0,46,299,0,295,0,0,0,0,0,1,1,1,1,0,1,3,,3,,3,3,1
1,29,32,1,0,49,4,3,0,1,3,0,1,0,0,7,0,33,0,0,187,0,918,0,0,1,0,1,1,0,0,0,0,1,2,,3,,,4,2,1
2,23,47,0,21,173,3,22,0,1,1,0,0,0,0,8,0,0,0,0,146,0,0,0,0,1,0,0,0,1,0,0,1,1,2,,,,,5,2,0
2,14,35,0,4,47,3,10,0,1,1,1,0,0,1,5,22,0,0,24,76,318,0,0,274,1,0,0,0,0,0,1,1,1,2,3,,,3,4,2,1
1,35,61,0,23,41,2,11,0,0,1,0,0,1,0,10,0,0,10,0,354,0,0,295,0,0,0,0,0,0,0,0,0,0,2,,,2,,4,1,0
3,26,39,0,8,105,3,13,0,1,1,1,0,1,1,7,40,0,37,38,160,1022,0,1005,885,1,1,1,0,1,1,1,1,1,2,4,,4,4,5,4,0
1,13,54,0,2,31,4,2,0,0,1,0,0,0,0,6,0,0,0,0,97,0,0,0,0,0,1,0,1,0,0,0,0,1,2,,,,,3,1,0
2,69,40,1,13,41,2,17,0,0,3,0,0,1,0,25,0,0,33,0,1725,0,0,2320,0,1,0,0,0,0,0,0,0,0,3,,,3,,4,2,0
3,61,50,1,30,102,4,9,0,1,3,0,0,1,0,13,0,0,13,0,760,0,0,745,0,1,0,0,1,0,0,0,0,1,3,,,3,,5,2,0
2,45,22,1,2,36,4,0,0,1,5,1,1,0,0,10,15,26,0,0,412,663,1181,0,0,1,0,0,0,0,0,0,0,0,2,3,3,,,4,2,1
2,3,37,0,13,24,1,3,0,1,1,0,0,0,0,2,0,0,0,0,3,0,0,0,0,0,1,0,0,0,0,0,1,1,1,,,,,3,1,0
2,53,22,0,1,25,4,0,0,0,2,0,1,1,0,12,0,27,7,0,666,0,1469,335,0,1,0,0,1,0,0,0,0,1,2,,3,2,,3,2,0
1,59,42,0,1,68,2,21,0,1,1,1,0,1,0,17,21,0,19,0,998,1184,0,1160,0,1,0,0,0,1,1,1,1,0,3,3,,3,,4,3,0
1,13,34,0,11,20,3,0,0,1,1,0,0,0,0,5,0,0,0,0,71,0,0,0,0,0,0,0,1,0,0,0,0,0,2,,,,,3,1,0
3,31,31,0,4,48,1,15,0,0,1,0,0,0,0,4,0,0,0,0,128,0,0,0,0,0,0,0,0,0,1,1,1,0,1,,,,,4,3,0
1,40,29,1,6,40,2,8,0,1,5,0,0,0,0,13,0,0,0,0,503,0,0,0,0,0,0,0,0,0,1,1,1,0,3,,,,,4,3,0
1,48,55,0,15,79,1,25,0,0,1,0,0,1,0,14,0,0,26,0,669,0,0,1140,0,0,0,0,0,1,1,1,1,0,3,,,3,,4,3,0
3,3,31,0,1,28,1,0,0,0,1,1,1,1,0,3,16,23,24,0,13,49,63,45,0,0,0,0,1,0,0,1,0,0,1,3,3,3,,3,1,1
2,51,48,0,12,64,2,22,0,1,1,0,0,1,0,15,0,0,17,0,708,0,0,820,0,0,0,0,0,0,0,0,0,0,3,,,3,,4,1,0
3,33,41,0,15,37,2,11,0,0,1,0,0,0,0,12,0,0,0,0,415,0,0,0,0,0,0,0,0,0,0,0,0,0,3,,,,,4,1,0
3,14,47,1,7,48,1,13,0,0,2,1,0,0,0,4,11,0,0,0,56,126,0,0,0,0,0,0,0,0,0,0,1,0,1,2,,,,4,1,0
1,17,42,1,6,131,5,6,0,0,3,0,1,0,1,6,0,35,0,22,103,0,528,0,331,1,0,0,1,0,0,0,0,1,2,,4,,3,5,2,1
3,19,29,1,9,18,2,2,0,0,3,0,0,0,0,5,0,0,0,0,109,0,0,0,0,0,0,0,1,0,0,1,0,1,2,,,,,3,1,1
2,58,36,0,10,38,2,14,0,1,1,0,0,1,0,10,0,0,18,0,539,0,0,1030,0,1,0,0,0,0,0,0,0,0,2,,,3,,4,2,0
3,22,23,0,3,37,2,4,0,1,3,0,1,1,1,5,0,28,9,25,144,0,602,200,504,0,1,0,1,1,0,0,1,1,2,,3,2,3,4,4,0
2,29,31,1,1,60,4,6,0,0,5,0,1,0,0,10,0,27,0,0,244,0,731,0,0,1,0,0,1,0,0,0,0,1,2,,3,,,4,2,1
3,14,22,1,2,13,3,0,0,1,4,0,1,0,0,9,0,27,0,0,118,0,364,0,0,1,0,0,1,0,0,0,0,0,2,,3,,,3,2,1
2,70,64,1,18,98,1,31,0,1,2,1,0,1,1,26,84,0,11,45,1805,5850,0,720,3243,1,1,1,0,1,1,1,1,0,3,4,,2,4,5,4,0
1,62,52,1,2,195,1,23,0,0,2,1,0,1,1,23,37,0,36,34,1421,2308,0,2205,2083,1,0,0,0,0,0,1,1,0,3,4,,4,4,5,3,1
2,7,35,1,0,47,1,14,0,0,5,0,0,0,0,5,0,0,0,0,47,0,0,0,0,0,0,0,0,0,0,0,0,0,2,,,,,4,1,1
1,56,47,1,19,65,2,22,0,0,3,1,0,1,1,12,49,0,37,58,744,2696,0,2070,3084,0,1,1,0,1,1,1,1,0,3,4,,4,4,4,4,0
1,50,50,1,22,150,5,5,0,1,4,0,1,1,0,19,0,33,51,0,931,0,1719,2585,0,1,1,0,1,0,0,1,0,1,3,,4,4,,5,2,1
2,57,39,0,6,106,5,8,0,0,1,1,1,1,1,9,24,42,12,40,568,1486,2291,740,2184,1,0,1,0,1,1,1,1,0,2,3,4,3,4,5,3,0
3,2,40,0,19,51,4,14,0,1,1,0,0,0,0,4,0,0,0,0,7,0,0,0,0,0,1,0,1,0,0,0,0,1,1,,,,,4,1,0
2,40,38,0,17,96,4,0,0,1,1,0,0,0,0,9,0,0,0,0,316,0,0,0,0,0,0,0,0,0,0,0,0,0,2,,,,,5,1,0
2,6,43,0,4,33,5,7,0,0,2,0,0,1,1,4,0,0,16,27,30,0,0,85,147,1,0,1,0,1,1,1,1,0,1,,,3,3,3,3,0
3,23,25,1,6,38,2,1,0,1,3,1,1,1,0,14,23,29,4,0,255,575,621,65,0,1,0,1,0,0,1,1,0,0,3,3,3,1,,4,3,0
3,11,32,0,6,125,4,5,0,0,1,1,1,1,1,4,19,61,19,58,32,233,579,200,578,1,1,1,1,1,1,1,1,1,1,3,4,3,4,5,4,1
1,29,37,1,13,145,5,0,0,1,4,1,1,1,1,9,24,41,18,28,241,713,1201,495,723,0,1,1,1,1,1,1,1,0,2,3,4,3,3,5,4,0
1,42,44,1,2,99,2,21,0,0,3,1,0,1,0,22,35,0,10,0,842,1502,0,395,0,1,0,0,0,0,1,0,1,0,3,4,,2,,5,3,0
1,20,34,1,2,22,4,0,0,1,3,1,1,1,1,5,18,35,35,32,75,339,731,635,571,0,0,1,1,1,1,1,1,1,2,3,4,4,3,3,4,0
2,72,60,1,21,31,1,38,1,0,2,0,0,1,0,32,0,0,34,0,2349,0,0,2385,0,1,0,0,0,0,0,0,0,0,3,,,4,,3,2,0
1,2,36,0,3,25,1,6,0,1,1,1,1,1,1,2,16,29,5,24,4,23,29,5,21,0,0,1,0,1,1,1,1,0,1,3,3,2,3,3,3,0
3,46,25,0,5,57,5,0,0,1,2,1,1,1,1,20,21,39,10,28,924,969,1749,445,1246,0,0,0,1,0,0,1,1,1,3,3,4,2,3,4,1,0
2,39,51,1,21,41,5,20,0,0,6,1,1,1,1,12,21,54,10,35,493,910,2060,330,1301,1,1,1,1,1,1,1,1,1,2,3,4,2,4,4,4,0
3,24,25,1,1,20,3,1,0,1,2,0,1,0,0,8,0,28,0,0,209,0,616,0,0,1,0,0,1,1,0,1,0,0,2,,3,,,3,2,1
3,59,43,1,4,101,2,22,0,1,5,0,0,1,0,14,0,0,21,0,818,0,0,1195,0,1,0,0,0,0,0,0,1,0,3,,,3,,5,2,0
1,65,37,0,8,56,2,15,0,0,1,0,0,1,0,10,0,0,11,0,682,0,0,655,0,1,0,0,0,0,0,0,0,0,2,,,2,,4,2,0
2,50,27,1,5,22,2,5,0,1,3,0,0,1,0,17,0,0,13,0,893,0,0,750,0,0,0,0,0,0,0,0,0,0,3,,,3,,3,1,0
1,57,37,0,11,108,4,9,0,1,1,1,1,1,0,22,27,42,8,0,1292,1492,2395,425,0,1,0,0,1,1,1,0,1,0,3,3,4,2,,5,3,0
3,61,48,0,14,115,4,20,0,1,1,1,1,1,1,13,16,39,17,31,786,954,2410,1015,1799,1,1,1,1,1,0,1,1,1,3,3,4,3,3,5,4,0
3,34,54,0,31,53,4,22,0,0,1,1,1,1,1,8,18,46,57,67,225,588,1464,1880,2305,1,1,1,1,0,0,1,0,1,2,3,4,4,4,4,4,0
3,38,53,0,13,242,4,12,0,0,1,1,1,1,1,9,38,54,29,51,396,1556,1979,1020,1935,1,1,1,0,1,1,1,1,1,2,4,4,3,4,5,4,0
1,3,24,1,2,20,2,3,0,1,5,1,0,1,0,3,23,0,9,0,8,50,0,15,0,0,1,0,1,1,1,0,1,0,1,3,,2,,3,3,0
2,4,47,0,5,123,4,11,0,0,1,0,1,1,0,3,0,25,14,0,9,0,100,40,0,0,0,0,1,0,0,1,0,1,1,,3,3,,5,1,0
2,15,35,0,0,34,1,12,0,0,1,0,0,0,0,4,0,0,0,0,48,0,0,0,0,0,0,0,0,0,0,0,0,0,1,,,,,4,1,0
1,25,29,1,8,31,4,3,0,1,5,0,1,0,0,13,0,33,0,0,349,0,833,0,0,1,0,0,1,0,0,0,0,1,3,,3,,,3,2,1
3,21,44,0,25,47,1,12,0,1,2,0,0,1,0,7,0,0,15,0,182,0,0,285,0,0,0,0,0,1,1,1,1,0,2,,,3,,4,3,0
3,50,37,1,11,48,3,8,0,1,2,1,0,1,0,13,28,0,9,0,670,1445,0,445,0,0,0,0,0,1,1,1,1,0,3,3,,2,,4,3,0
2,65,64,1,22,13,2,5,1,1,3,1,0,1,0,15,33,0,16,0,922,1990,0,930,0,0,0,0,0,1,1,1,1,0,3,3,,3,,3,3,0
2,59,52,1,18,78,1,25,0,0,2,0,0,0,0,19,0,0,0,0,1179,0,0,0,0,0,0,0,0,0,0,0,0,0,3,,,,,4,1,0
3,29,26,0,7,34,1,7,0,1,2,0,0,1,0,7,0,0,16,0,199,0,0,490,0,0,0,0,0,1,1,0,0,0,2,,,3,,4,3,0
1,60,46,0,17,81,5,9,0,1,1,0,1,1,0,17,0,39,10,0,1067,0,2332,610,0,1,0,0,1,0,0,0,0,1,3,,4,2,,4,2,0
1,71,45,1,14,86,2,25,0,0,2,0,1,1,0,45,0,33,35,0,3236,0,2386,2495,0,1,0,0,1,0,0,0,0,0,4,,3,4,,4,2,0
3,38,27,1,0,26,4,2,0,0,4,0,1,1,1,12,0,39,9,28,478,0,1430,365,1111,0,1,1,1,1,1,1,0,1,3,,4,2,3,3,4,1
3,16,34,1,5,51,2,8,0,1,5,0,0,1,0,5,0,0,17,0,62,0,0,260,0,0,0,0,0,0,0,0,0,0,2,,,3,,4,1,0
3,7,31,0,10,59,3,10,0,0,1,0,1,0,0,2,0,30,0,0,16,0,170,0,0,0,1,0,0,0,1,0,0,1,1,,3,,,4,1,0
1,59,53,0,21,112,4,16,0,0,1,0,1,0,1,21,0,39,0,25,1236,0,2190,0,1465,1,0,0,1,0,0,0,0,1,3,,4,,3,5,2,1
2,22,56,1,14,57,4,28,0,0,2,1,1,1,1,6,18,37,11,29,135,418,748,250,650,1,1,1,1,1,1,1,1,0,2,3,4,2,3,4,4,0
1,18,48,1,20,41,1,2,0,1,2,1,0,1,0,4,13,0,8,0,59,221,0,135,0,0,0,0,0,1,1,0,0,0,1,3,,2,,4,1,0
2,64,46,1,19,168,2,26,0,1,2,1,1,1,1,14,71,74,39,62,929,4668,4758,2460,3704,1,1,1,1,1,1,1,1,1,3,4,4,4,4,5,4,0
2,7,33,0,4,29,4,4,0,1,3,0,1,0,0,5,0,28,0,0,35,0,167,0,0,0,0,0,1,0,0,0,0,1,2,,3,,,3,1,1
3,65,58,0,13,167,2,14,0,1,2,0,0,1,0,24,0,0,17,0,1642,0,0,1110,0,1,0,0,0,0,0,0,0,0,3,,,3,,5,2,0
3,7,24,0,5,29,2,3,0,0,3,1,0,0,0,4,14,0,0,0,44,110,0,0,0,0,0,1,1,0,0,0,1,0,1,3,,,,3,1,1
1,64,55,0,28,104,1,26,0,1,1,0,0,1,0,15,0,0,39,0,961,0,0,2360,0,0,0,0,0,1,0,0,1,0,3,,,4,,5,3,0
3,42,22,1,0,46,4,0,0,0,2,1,1,1,1,9,20,51,6,36,312,851,2100,270,1504,1,1,1,1,0,1,1,0,0,2,3,4,2,4,4,4,1
3,33,26,0,5,46,4,1,0,1,3,1,1,1,1,11,18,41,6,32,350,593,1348,185,1010,0,0,1,1,1,1,1,1,1,2,3,4,2,3,4,4,0
1,3,33,0,8,51,4,0,0,1,1,0,1,0,0,3,0,20,0,0,12,0,40,0,0,0,0,0,0,0,0,0,0,0,1,,3,,,4,1,1
2,69,42,1,11,65,2,18,0,0,2,1,1,1,1,14,31,64,32,67,1008,2083,4168,2125,4400,1,1,1,1,1,1,1,1,1,3,3,4,3,4,4,4,0
2,9,33,0,1,48,2,13,0,0,2,1,0,1,0,3,13,0,31,0,40,110,0,275,0,0,0,0,0,1,1,0,0,0,1,3,,3,,4,1,0
3,22,34,1,1,46,3,1,0,0,4,0,1,0,0,7,0,23,0,0,125,0,484,0,0,1,0,0,1,0,0,0,0,0,2,,3,,,4,2,0
2,53,63,1,15,43,2,18,0,0,2,0,1,1,0,15,0,37,11,0,809,0,2013,535,0,1,0,0,1,0,0,0,0,1,3,,4,2,,4,2,0
3,71,53,0,30,110,1,34,0,0,1,0,0,1,0,17,0,0,15,0,1250,0,0,1100,0,1,0,0,0,0,0,0,0,0,3,,,3,,5,2,0
3,24,26,0,2,32,3,2,0,0,3,0,0,0,0,4,0,0,0,0,97,0,0,0,0,0,0,0,0,0,0,0,0,1,1,,,,,3,1,0
3,12,22,1,1,18,3,0,0,1,2,0,0,0,0,5,0,0,0,0,58,0,0,0,0,0,0,0,1,0,0,0,0,1,2,,,,,3,1,0
1,25,39,1,1,26,4,0,0,0,4,0,1,1,1,14,0,36,23,25,350,0,895,515,641,1,1,1,1,0,0,0,0,1,3,,4,3,3,3,2,1
3,63,28,1,9,34,2,10,0,1,6,1,0,1,1,15,40,0,18,45,934,2465,0,1120,2770,1,1,0,0,1,1,1,1,0,3,4,,3,4,4,3,0
1,33,54,1,18,57,4,4,0,1,3,1,1,0,0,8,30,34,0,0,226,1106,1109,0,0,1,0,0,1,1,1,1,0,0,2,3,4,,,4,3,1
2,57,54,1,20,21,2,0,0,1,3,0,0,1,0,11,0,0,17,0,566,0,0,930,0,0,0,0,0,0,0,0,0,0,2,,,3,,3,1,0
3,13,33,0,7,38,3,10,0,1,1,1,1,1,1,5,19,41,13,29,49,200,481,155,319,0,1,1,1,0,1,1,1,1,2,3,4,3,3,4,4,0
1,13,21,0,2,19,3,0,0,1,1,0,1,1,0,8,0,25,5,0,98,0,312,40,0,1,0,0,1,0,0,0,0,0,2,,3,2,,3,2,1
1,71,39,0,2,40,3,17,0,0,1,1,0,1,0,36,28,0,39,0,2554,1916,0,2620,0,1,1,0,0,0,1,0,1,0,4,3,,4,,4,3,0
3,18,69,1,11,58,3,8,0,0,2,1,1,1,1,6,27,54,12,63,118,454,897,175,1050,1,1,1,1,1,1,1,1,1,2,3,4,2,4,4,4,0
1,17,51,1,10,95,2,15,0,1,2,0,0,0,0,7,0,0,0,0,133,0,0,0,0,0,0,0,0,0,0,0,0,0,2,,,,,5,1,1
2,22,43,0,4,114,2,19,0,0,1,0,1,0,0,9,0,23,0,0,203,0,429,0,0,0,0,0,0,0,0,0,0,0,2,,3,,,5,1,0
2,65,65,1,27,128,3,24,0,0,2,1,0,1,0,21,24,0,15,0,1325,1484,0,940,0,1,0,0,0,1,1,1,1,0,3,3,,3,,5,3,0
3,7,40,0,9,33,4,2,0,1,1,0,0,0,0,3,0,0,0,0,17,0,0,0,0,0,0,0,1,0,0,0,0,1,1,,,,,3,1,0
3,72,66,0,30,460,4,41,0,1,1,0,1,1,0,89,0,47,19,0,6354,0,3411,1245,0,1,1,1,1,0,0,1,1,0,4,,4,3,,6,4,0
1,35,43,0,12,224,3,17,0,0,1,0,0,1,0,8,0,0,10,0,272,0,0,330,0,0,0,0,0,0,0,0,0,0,2,,,2,,5,1,0
1,24,39,0,2,122,4,12,0,0,3,1,0,1,1,4,26,0,10,36,98,626,0,210,845,0,0,1,1,1,1,1,1,0,1,3,,2,4,5,4,0
1,64,24,1,0,23,3,1,0,1,5,0,1,0,0,7,0,36,0,0,395,0,2182,0,0,1,0,0,1,0,1,0,1,0,2,,4,,,3,2,0
2,63,63,1,19,191,3,27,0,0,2,0,0,1,0,13,0,0,7,0,782,0,0,435,0,1,0,0,0,0,0,0,0,0,3,,,2,,5,2,0
1,38,31,1,7,187,4,6,0,0,3,1,0,1,1,13,21,0,34,48,449,834,0,1165,1802,0,1,1,0,1,1,1,1,0,3,3,,4,4,5,4,1
2,29,37,1,9,119,3,12,0,0,3,0,0,0,0,5,0,0,0,0,139,0,0,0,0,0,0,0,0,0,0,0,0,0,2,,,,,5,1,0
1,72,69,1,49,44,2,44,1,1,2,0,0,1,0,100,0,0,13,0,7258,0,0,875,0,1,0,0,0,0,1,0,1,0,5,,,3,,4,3,0
1,10,27,1,2,15,3,2,0,1,2,1,1,1,1,8,13,49,8,40,66,155,442,60,377,1,1,1,1,1,1,1,1,1,2,3,4,2,4,3,4,1
3,72,64,0,41,674,4,37,0,1,1,1,0,1,1,50,33,0,49,60,3536,2378,0,3465,4366,1,1,0,0,1,1,1,1,0,4,3,,4,4,7,3,0
3,52,23,1,4,33,4,0,0,1,2,1,0,1,0,13,18,0,19,0,758,945,0,920,0,1,0,0,0,1,1,1,1,0,3,3,,3,,3,3,0
3,13,55,0,3,250,2,35,0,1,2,0,0,0,0,4,0,0,0,0,50,0,0,0,0,0,0,0,0,0,0,0,0,0,1,,,,,6,1,0
1,3,33,0,6,64,4,0,0,0,2,0,1,0,0,2,0,21,0,0,6,0,53,0,0,0,0,0,0,0,0,0,0,1,1,,3,,,4,1,1
3,39,24,1,2,26,2,4,0,0,4,0,0,1,0,10,0,0,13,0,404,0,0,480,0,0,0,0,0,0,0,0,0,1,2,,,3,,3,1,1
2,28,29,0,4,23,3,5,0,0,2,0,0,0,0,4,0,0,0,0,92,0,0,0,0,1,0,0,1,0,0,1,1,1,1,,,,,3,2,0
2,46,42,0,9,52,4,7,0,0,3,0,0,1,0,14,0,0,21,0,612,0,0,985,0,1,0,0,0,0,0,0,0,0,3,,,3,,4,2,0
2,62,46,0,27,200,3,9,0,1,1,0,0,1,0,26,0,0,74,0,1625,0,0,4590,0,0,0,0,0,0,0,0,0,0,3,,,4,,5,1,0
2,23,33,1,7,28,1,4,0,0,2,0,0,1,0,7,0,0,14,0,177,0,0,340,0,0,0,0,0,1,1,1,0,0,2,,,3,,3,3,0
3,23,25,1,5,19,5,0,0,0,3,1,1,0,0,7,25,37,0,0,157,562,829,0,0,1,1,0,1,0,1,1,0,1,2,3,4,,,3,4,1
2,72,61,1,39,76,3,21,0,0,2,1,1,1,1,55,67,51,70,56,3984,4906,3762,4975,4098,1,1,1,1,1,1,1,1,0,4,4,4,4,4,4,4,0
3,56,60,0,26,70,2,20,0,0,1,0,1,0,1,8,0,29,0,26,397,0,1638,0,1341,0,0,0,0,0,0,0,0,1,2,,3,,3,4,1,0
1,8,30,0,1,34,2,9,0,1,1,0,0,1,0,4,0,0,13,0,29,0,0,75,0,0,0,0,0,1,0,1,1,0,1,,,3,,4,3,0
3,3,36,0,7,34,5,3,0,1,3,1,1,0,0,3,13,24,0,0,7,36,56,0,0,1,1,1,0,0,0,1,0,1,1,3,3,,,4,4,0
3,37,37,0,7,172,3,13,0,0,1,0,0,0,0,7,0,0,0,0,259,0,0,0,0,0,0,0,0,0,0,0,0,1,2,,,,,5,1,0
3,37,53,1,13,48,1,10,0,0,3,1,0,1,0,13,24,0,10,0,440,876,0,350,0,0,0,0,0,1,1,1,1,0,3,3,,2,,4,3,0
2,6,30,0,9,45,2,2,0,1,1,0,0,0,0,1,0,0,0,0,10,0,0,0,0,0,0,0,0,0,0,0,0,0,0,,,,,4,1,1
1,48,47,0,9,72,3,13,0,0,5,1,0,1,1,15,29,0,16,33,732,1352,0,790,1559,1,1,1,0,1,1,1,1,0,3,3,,3,3,4,4,1
2,43,43,1,3,55,4,18,0,1,4,1,1,1,1,9,41,48,16,51,423,1803,1977,675,2245,0,1,1,1,1,1,1,1,0,2,4,4,3,4,4,4,0
2,21,29,0,7,40,4,2,0,1,4,1,1,1,1,5,17,36,19,33,89,387,772,395,654,0,0,0,1,0,1,1,0,0,2,3,4,3,4,4,1,0
3,6,33,0,12,26,3,0,0,0,1,1,0,1,1,6,19,0,24,23,35,131,0,125,122,0,1,0,1,1,1,1,1,0,2,3,,3,3,3,3,1
2,69,51,0,18,96,1,33,0,0,4,1,0,1,0,34,87,0,34,0,2339,5916,0,2180,0,1,0,0,0,1,1,1,1,0,4,4,,4,,5,3,0
1,22,33,0,9,54,1,10,0,0,1,1,0,1,0,11,22,0,19,0,247,504,0,370,0,0,0,0,0,1,1,1,1,0,2,3,,3,,4,3,0
1,28,40,1,1,47,2,9,0,1,3,1,0,1,0,8,30,0,29,0,224,775,0,730,0,0,0,0,0,1,1,1,1,0,2,3,,3,,4,3,0
1,71,47,1,23,142,1,30,0,0,2,0,0,1,0,32,0,0,82,0,2237,0,0,5520,0,1,0,0,0,0,0,0,0,0,3,,,4,,5,2,0
2,7,37,0,5,57,4,1,0,0,1,0,0,0,0,4,0,0,0,0,24,0,0,0,0,0,0,0,0,0,0,0,1,0,1,,,,,4,1,0
1,63,29,0,10,20,3,7,0,0,2,1,1,1,1,13,31,62,10,96,868,1944,3779,640,6132,1,1,1,1,1,1,1,1,1,3,3,4,2,5,3,4,0
2,53,57,0,25,37,1,7,0,0,1,0,0,1,0,8,0,0,9,0,364,0,0,465,0,1,0,0,0,0,0,1,0,0,2,,,2,,4,2,0
2,50,52,1,17,36,4,16,0,0,4,1,0,1,1,12,55,0,48,86,616,2662,0,2330,4119,1,1,1,0,1,1,1,1,1,2,4,,4,4,4,4,0
2,39,31,1,6,24,4,2,0,0,2,0,1,1,0,14,0,33,17,0,506,0,1214,600,0,0,0,1,0,1,1,1,1,1,3,,4,3,,3,4,0
3,16,19,0,0,21,2,0,0,1,1,0,0,0,0,5,0,0,0,0,70,0,0,0,0,0,0,0,0,0,1,0,0,0,2,,,,,3,1,0
3,43,51,1,15,186,3,25,0,0,2,1,0,1,1,19,60,0,20,59,856,2523,0,885,2525,1,1,1,0,1,1,1,1,0,3,4,,3,4,5,4,0
3,44,31,0,12,30,1,7,0,1,3,0,0,1,0,8,0,0,13,0,318,0,0,530,0,0,0,0,0,0,0,0,0,0,2,,,3,,3,1,0
2,72,66,1,43,96,2,16,0,1,2,1,0,1,1,35,35,0,22,51,2538,2558,0,1440,3571,1,1,0,0,1,1,1,1,1,4,4,,3,4,5,4,0
3,61,76,0,39,15,1,29,1,0,1,1,0,1,0,19,53,0,24,0,1168,3258,0,1415,0,1,0,1,0,1,1,1,1,0,3,4,,3,,3,3,0
3,43,21,1,1,25,1,4,0,0,4,0,0,0,0,8,0,0,0,0,334,0,0,0,0,1,0,0,1,0,0,1,1,0,2,,,,,3,2,1
3,24,39,0,11,49,3,7,0,1,1,0,1,0,0,7,0,31,0,0,177,0,657,0,0,0,0,0,1,0,0,0,0,0,2,,3,,,4,1,0
3,64,45,0,4,38,2,7,0,1,1,1,0,1,0,14,23,0,10,0,918,1447,0,610,0,1,1,0,0,1,0,1,1,0,3,3,,2,,4,3,1
2,64,38,0,0,29,2,2,0,0,2,1,0,1,0,18,16,0,17,0,1114,1142,0,1010,0,1,0,0,0,0,0,0,0,0,3,3,,3,,3,2,0
1,24,26,0,7,55,2,7,0,1,1,0,0,0,0,8,0,0,0,0,176,0,0,0,0,0,0,0,0,0,1,0,0,0,2,,,,,4,1,0
3,33,55,1,21,64,3,10,0,1,3,1,0,1,0,5,15,0,25,0,163,495,0,775,0,0,0,0,0,0,0,1,1,0,2,3,,3,,4,1,0
2,33,33,1,12,42,4,7,0,1,5,0,1,1,1,9,0,31,23,23,306,0,1019,730,665,1,1,0,0,0,0,0,0,0,2,,3,3,3,4,2,0
1,2,40,0,9,134,4,2,0,0,1,0,1,0,0,4,0,24,0,0,5,0,26,0,0,0,0,0,1,0,0,0,0,1,1,,3,,,5,1,0
2,42,48,1,22,82,1,21,0,1,5,1,0,1,0,9,25,0,17,0,459,1007,0,750,0,1,0,0,1,1,1,1,0,1,2,3,,3,,4,4,0
1,52,54,1,5,153,5,10,0,0,2,0,1,0,1,11,0,36,0,30,556,0,1817,0,1525,1,1,0,1,1,0,0,0,1,2,,4,,3,5,2,1
1,45,66,0,43,144,2,13,0,1,1,0,0,1,0,8,0,0,13,0,339,0,0,565,0,1,0,0,1,0,0,0,0,0,2,,,3,,5,2,0
3,3,25,0,4,22,4,0,0,0,2,0,1,1,0,3,0,28,20,0,8,0,48,30,0,0,1,0,1,0,1,1,1,1,1,,3,3,,3,4,1
2,37,53,1,16,35,1,16,0,1,4,0,0,0,0,21,0,0,0,0,788,0,0,0,0,0,0,0,0,0,1,1,0,0,3,,,,,4,3,0
2,28,57,0,33,82,4,22,0,1,1,0,1,0,0,4,0,31,0,0,72,0,858,0,0,1,1,0,1,0,0,1,0,1,1,,3,,,4,2,1
3,40,63,1,9,61,1,22,0,0,2,0,0,1,0,11,0,0,41,0,471,0,0,1635,0,0,0,0,0,0,0,0,0,0,2,,,4,,4,1,0
2,37,33,0,1,102,2,12,0,0,1,0,1,1,1,16,0,33,10,38,647,0,1108,360,1331,1,0,1,1,1,1,0,0,1,3,,4,2,4,5,4,0
3,7,27,0,5,31,3,4,0,0,5,1,1,0,1,4,15,46,0,42,31,97,272,0,236,1,1,1,1,1,1,1,0,1,1,3,4,,4,3,4,1
1,71,56,0,23,170,1,30,0,1,1,1,0,1,0,14,27,0,30,0,1001,1841,0,2140,0,1,1,1,0,0,1,1,1,0,3,3,,3,,5,4,0
2,19,46,0,11,26,2,0,0,1,1,0,0,1,0,6,0,0,5,0,122,0,0,90,0,0,0,0,1,0,1,0,1,1,2,,,2,,3,1,0
2,61,40,0,15,85,3,15,0,1,1,1,0,1,0,14,29,0,23,0,831,1824,0,1310,0,1,0,0,0,1,1,1,1,1,3,3,,3,,4,3,0
3,70,53,1,16,183,2,35,0,1,2,0,0,1,0,33,0,0,15,0,2235,0,0,1085,0,1,0,0,0,0,0,0,0,0,3,,,3,,5,2,0
2,60,55,1,13,67,1,18,0,1,2,0,0,1,0,11,0,0,15,0,698,0,0,925,0,0,0,0,0,0,0,0,0,0,2,,,3,,4,1,0
3,48,45,1,5,42,1,11,0,1,2,0,0,0,0,9,0,0,0,0,436,0,0,0,0,0,0,0,0,0,1,0,0,0,2,,,,,4,1,0
1,8,63,1,1,31,1,9,0,0,2,1,0,1,0,2,14,0,11,0,17,103,0,80,0,0,0,0,0,1,0,1,1,0,1,3,,2,,3,3,0
2,58,58,1,10,96,2,17,0,0,4,1,0,0,0,13,23,0,0,0,711,1346,0,0,0,1,0,0,0,1,1,0,1,0,3,3,,,,5,3,0
1,16,24,1,5,24,3,2,0,0,5,0,0,1,0,9,0,0,15,0,124,0,0,215,0,0,0,0,0,1,1,1,0,0,2,,,3,,3,3,0
2,33,33,0,4,53,2,14,0,1,1,0,0,0,0,5,0,0,0,0,146,0,0,0,0,0,0,0,0,1,0,0,0,0,2,,,,,4,1,0
2,39,25,0,4,18,1,0,0,1,1,0,0,0,0,7,0,0,0,0,243,0,0,0,0,1,0,0,0,1,1,0,1,0,2,,,,,3,3,0
1,62,51,0,10,43,4,19,0,0,2,0,1,1,1,27,0,43,17,41,1632,0,2584,1015,2521,1,0,1,1,1,0,0,0,1,3,,4,3,4,4,2,0
1,50,34,0,10,104,3,9,0,0,1,1,1,1,1,28,22,52,20,48,1444,1220,2568,960,2368,1,1,1,1,1,1,1,1,1,3,3,4,3,4,5,4,0
2,48,55,0,31,26,1,1,0,0,1,0,0,0,0,12,0,0,0,0,606,0,0,0,0,0,0,0,0,0,0,0,0,0,2,,,,,3,1,0
3,31,62,0,5,56,2,26,0,1,1,1,0,1,0,4,22,0,14,0,124,744,0,435,0,0,1,0,0,1,1,1,1,0,1,3,,3,,4,3,0
2,65,33,1,9,49,2,6,0,0,5,1,0,1,0,43,17,0,18,0,2707,1094,0,1190,0,1,0,0,0,0,0,1,0,0,4,3,,3,,4,2,0
1,36,58,0,34,80,1,21,0,1,1,0,0,1,0,9,0,0,9,0,298,0,0,260,0,1,0,0,0,0,1,0,0,0,2,,,2,,4,2,0
1,61,46,0,5,318,3,18,0,1,1,1,0,1,0,29,39,0,85,0,1797,2443,0,5115,0,1,1,0,0,1,1,1,1,0,3,4,,4,,6,3,0
2,48,42,0,21,35,4,5,0,0,1,0,0,0,0,13,0,0,0,0,589,0,0,0,0,1,0,0,0,0,1,1,0,0,3,,,,,4,3,0
3,35,45,0,17,29,1,6,0,0,1,0,0,0,0,8,0,0,0,0,300,0,0,0,0,0,0,0,0,0,0,1,0,0,2,,,,,3,1,0
1,51,28,0,8,43,5,1,0,0,5,1,1,1,1,11,35,78,20,80,623,1921,3926,955,4060,1,1,1,1,1,1,1,1,1,2,4,4,3,4,4,4,0
2,49,51,1,5,80,5,3,0,0,2,0,1,1,1,6,0,52,36,37,285,0,2435,1810,1679,1,1,1,1,1,1,1,1,1,2,,4,4,4,4,4,1
1,35,39,1,11,30,3,2,0,1,3,1,0,0,0,7,28,0,0,0,225,930,0,0,0,0,0,1,0,0,0,1,1,0,2,3,,,,3,3,1
1,58,70,0,2,9,3,24,1,1,1,0,1,1,1,23,0,48,30,35,1384,0,2632,1730,1976,1,0,0,1,0,0,0,1,0,3,,4,3,4,2,2,0
1,23,35,1,0,23,2,1,0,0,5,0,0,0,0,7,0,0,0,0,154,0,0,0,0,0,0,0,0,1,0,1,1,0,2,,,,,3,3,0
2,26,39,1,15,58,4,9,0,1,2,1,0,1,1,9,21,0,7,20,211,568,0,145,494,0,0,0,1,1,0,1,1,0,2,3,,2,3,4,3,0
1,38,37,1,1,52,1,20,0,1,4,1,0,1,1,12,42,0,19,54,533,1686,0,705,2051,1,1,1,0,1,1,1,1,0,3,4,,3,4,4,4,0
1,35,66,1,44,14,3,12,1,1,2,1,0,0,0,5,31,0,0,0,203,1135,0,0,0,0,0,0,0,1,1,1,1,0,2,3,,,,3,3,0
2,37,50,0,9,110,2,21,0,1,1,1,0,1,0,10,29,0,11,0,364,992,0,375,0,0,0,0,0,1,1,1,1,0,2,3,,2,,5,3,0
2,48,43,1,1,60,2,12,0,0,2,1,1,1,0,16,19,30,32,0,720,905,1501,1495,0,1,0,0,0,0,1,0,0,0,3,3,3,3,,4,2,0
3,13,43,1,1,123,3,21,0,0,5,1,1,1,0,4,23,33,7,0,55,318,439,75,0,0,0,1,1,1,1,1,0,1,1,3,3,2,,5,4,0
1,72,63,1,29,15,5,31,1,0,2,0,0,1,0,21,0,0,31,0,1547,0,0,2180,0,1,0,0,0,0,0,1,1,0,3,,,3,,3,3,0
1,30,27,0,4,47,4,2,0,1,2,0,0,1,0,11,0,0,21,0,297,0,0,600,0,1,0,0,1,0,0,0,0,0,2,,,3,,4,2,1
1,24,43,0,14,138,4,11,0,1,1,1,0,1,1,7,20,0,8,25,131,446,0,180,551,1,0,0,1,1,1,0,1,0,2,3,,2,3,5,3,0
2,25,51,1,20,359,3,29,0,0,2,1,1,1,1,6,28,39,41,21,164,676,881,975,476,0,1,1,0,1,1,1,1,0,2,3,4,4,3,6,4,0
2,50,52,0,30,214,3,22,0,0,1,1,1,1,1,12,26,41,12,48,610,1288,1943,530,2413,1,1,0,1,1,1,1,1,1,2,3,4,2,4,5,4,0
2,28,40,0,7,64,1,19,0,0,1,1,0,0,0,6,28,0,0,0,168,723,0,0,0,0,0,0,0,1,0,0,1,0,2,3,,,,4,3,0
3,34,51,0,8,50,4,14,0,0,1,0,0,1,0,16,0,0,16,0,531,0,0,480,0,0,1,0,0,0,0,0,0,1,3,,,3,,4,1,0
1,48,32,0,2,88,3,9,0,0,1,1,0,1,1,6,34,0,30,45,308,1604,0,1390,2119,1,1,1,1,1,1,1,1,0,2,4,,3,4,4,4,0
2,42,36,1,8,86,2,15,0,1,2,0,1,0,0,10,0,31,0,0,436,0,1222,0,0,1,0,0,0,0,0,0,0,0,2,,3,,,4,2,0
3,67,65,1,30,17,1,29,1,1,2,1,0,1,0,22,26,0,12,0,1384,1721,0,785,0,1,0,0,0,1,0,1,0,0,3,3,,2,,3,3,0
1,17,41,1,7,25,2,17,0,0,3,0,1,0,0,6,0,29,0,0,114,0,450,0,0,0,0,0,1,1,1,1,0,1,2,,3,,,3,3,0
1,29,38,1,19,46,2,6,0,0,2,0,1,0,0,8,0,23,0,0,249,0,585,0,0,1,0,0,0,0,0,0,0,1,2,,3,,,4,2,0
3,66,61,0,26,361,1,40,0,1,1,0,0,1,0,13,0,0,39,0,782,0,0,2615,0,1,0,0,0,0,0,0,1,0,3,,,4,,6,2,0
2,1,21,0,1,18,3,0,0,1,1,0,1,0,0,3,0,33,0,0,3,0,33,0,0,0,0,0,1,0,0,0,1,1,1,,3,,,3,1,1
1,28,33,1,3,14,4,1,0,0,3,1,1,0,1,5,16,33,0,24,146,505,870,0,619,1,0,1,1,0,1,1,0,1,2,3,3,,3,3,4,1
1,15,35,1,5,34,3,8,0,0,2,0,1,0,0,5,0,26,0,0,111,0,350,0,0,1,0,0,1,0,0,0,0,1,2,,3,,,4,2,1
2,12,64,0,13,9,2,6,1,1,1,1,1,1,0,4,30,33,9,0,53,318,377,95,0,0,0,0,1,1,1,1,1,1,1,3,3,2,,2,3,0
3,48,49,0,18,39,2,5,0,1,1,1,1,1,1,7,25,43,24,31,400,1230,2099,1140,1395,1,1,1,0,1,1,1,1,0,2,3,4,3,3,4,4,1
2,59,25,1,4,18,3,2,0,0,4,0,1,1,0,20,0,33,23,0,1251,0,1883,1415,0,0,0,0,0,0,0,0,0,0,3,,3,3,,3,1,0
3,8,26,1,1,25,4,1,0,0,2,0,1,0,0,3,0,20,0,0,30,0,138,0,0,0,0,0,1,0,0,0,0,1,1,,3,,,3,1,1
1,45,52,0,15,46,5,8,0,1,1,0,0,1,0,9,0,0,9,0,402,0,0,395,0,1,0,0,0,0,0,0,0,1,2,,,2,,4,2,1
1,25,39,1,8,94,4,11,0,1,4,0,1,0,0,4,0,31,0,0,95,0,681,0,0,1,0,0,0,0,0,0,0,0,1,,3,,,5,2,1
1,21,44,1,4,26,3,2,0,0,2,1,1,1,1,8,41,42,24,36,161,863,891,485,703,0,1,1,1,1,1,1,1,0,2,4,4,3,4,3,4,0
2,17,68,1,1,335,1,35,0,1,3,1,0,1,1,4,19,0,29,28,70,286,0,525,423,0,1,1,0,1,1,1,1,0,1,3,,3,3,6,4,0
2,41,45,0,14,25,3,6,0,0,1,0,1,1,1,8,0,42,14,23,371,0,1676,535,945,0,0,0,1,0,0,1,1,1,2,,4,3,3,3,1,1
1,13,45,1,3,99,3,8,0,1,2,0,0,1,0,9,0,0,24,0,103,0,0,240,0,0,1,0,1,1,0,1,0,0,2,,,3,,5,3,1
2,1,26,1,3,30,2,7,0,1,5,0,1,0,0,1,0,15,0,0,1,0,15,0,0,0,0,0,0,0,0,0,0,1,0,,3,,,3,1,1
3,3,31,1,4,35,2,2,0,1,3,1,1,0,1,4,13,34,0,22,11,30,75,0,29,0,1,1,1,1,0,1,0,1,1,3,4,,3,4,4,1
1,23,27,1,2,51,5,1,0,1,2,0,1,0,0,4,0,24,0,0,95,0,574,0,0,0,1,0,0,0,0,0,0,0,1,,3,,,4,1,1
3,26,42,0,20,49,3,13,0,0,1,1,1,1,1,4,25,44,25,28,82,638,1054,625,633,1,1,1,1,1,1,1,1,1,1,3,4,3,3,4,4,1
1,37,51,1,15,54,1,15,0,0,3,1,0,1,0,10,17,0,8,0,324,614,0,225,0,1,0,0,0,0,1,0,1,0,2,3,,2,,4,3,0
3,5,30,0,3,46,4,7,0,0,1,0,1,0,0,4,0,32,0,0,18,0,122,0,0,1,0,0,1,0,0,0,0,1,1,,3,,,4,2,1
1,32,27,1,3,91,4,1,0,1,3,1,1,1,1,6,16,43,4,41,189,543,1247,100,1269,0,1,1,1,1,0,0,1,1,2,3,4,1,4,5,4,1
3,12,22,0,1,23,4,0,0,0,2,0,0,0,0,4,0,0,0,0,34,0,0,0,0,0,0,0,0,0,0,1,0,0,1,,,,,3,1,0
1,72,54,1,6,345,1,32,0,0,2,0,0,1,0,75,0,0,18,0,5465,0,0,1305,0,1,0,0,0,0,1,0,1,0,4,,,3,,6,3,0
3,3,25,1,2,45,4,0,0,1,2,1,1,0,0,3,16,31,0,0,9,53,88,0,0,0,0,0,1,0,0,0,0,1,1,3,3,,,4,1,1
1,54,43,0,12,53,2,12,0,0,1,1,0,1,0,14,32,0,17,0,776,1749,0,845,0,1,0,0,0,1,1,1,1,0,3,3,,3,,4,3,0
2,26,26,0,2,14,2,6,0,1,1,1,1,0,1,8,37,39,0,28,204,884,915,0,765,1,0,1,1,1,0,1,1,1,2,4,4,,3,3,4,1
3,14,36,0,13,67,5,4,0,1,1,0,1,0,0,14,0,25,0,0,187,0,304,0,0,0,0,0,1,0,1,0,0,0,3,,3,,,4,1,0
3,22,51,0,27,49,3,1,0,0,1,0,1,1,0,9,0,30,18,0,151,0,649,370,0,0,0,1,0,0,0,1,0,1,2,,3,3,,4,1,0
3,65,47,1,18,37,1,15,0,1,4,0,0,1,0,19,0,0,14,0,1175,0,0,900,0,0,0,0,0,0,0,0,0,0,3,,,3,,4,1,0
3,26,45,0,18,33,1,9,0,0,1,1,0,1,0,10,24,0,11,0,285,564,0,295,0,0,0,0,0,0,0,0,1,0,2,3,,2,,3,1,0
1,20,37,0,5,46,3,10,0,1,4,0,1,1,1,5,0,45,6,41,92,0,878,90,816,1,1,1,1,1,0,1,1,1,2,,4,2,4,4,4,0
2,67,60,1,32,93,1,21,0,0,4,0,1,1,0,19,0,32,43,0,1201,0,2190,2665,0,1,0,0,0,0,0,0,0,1,3,,3,4,,5,2,0
1,34,55,0,2,48,2,11,0,0,1,0,0,0,0,4,0,0,0,0,143,0,0,0,0,0,0,0,0,0,0,0,0,0,1,,,,,4,1,0
1,37,54,1,35,183,2,22,0,0,3,1,0,1,0,7,21,0,8,0,258,769,0,260,0,0,0,0,0,1,1,0,1,0,2,3,,2,,5,3,0
2,22,23,1,3,16,1,5,0,0,4,0,0,1,0,5,0,0,9,0,120,0,0,205,0,0,0,0,0,0,0,0,0,0,2,,,2,,3,1,0
2,5,69,0,0,11,2,14,1,0,1,1,0,1,0,7,10,0,8,0,35,45,0,30,0,0,0,0,0,0,0,0,0,0,2,2,,2,,2,1,0
1,28,31,1,0,42,4,5,0,1,3,1,0,0,0,12,24,0,0,0,374,675,0,0,0,1,0,0,0,1,0,0,1,0,3,3,,,,4,3,0
1,20,41,1,7,67,4,14,0,1,4,0,0,0,0,7,0,0,0,0,149,0,0,0,0,0,0,0,0,0,0,0,0,0,2,,,,,4,1,0
3,72,41,0,20,181,4,12,0,0,1,1,1,1,1,27,23,69,8,52,1964,1646,4981,520,3791,1,1,1,1,1,1,0,1,1,3,3,4,2,4,5,4,0
2,30,43,0,18,53,4,6,0,0,1,0,1,0,0,7,0,27,0,0,233,0,739,0,0,0,0,0,1,0,0,0,1,1,2,,3,,,4,1,0
3,71,52,0,17,172,2,32,0,0,1,1,1,1,1,49,42,51,27,68,3599,3016,3469,1850,4828,1,1,1,1,1,1,1,1,0,4,4,4,3,4,5,4,0
2,56,44,0,24,87,2,19,0,0,1,1,0,1,0,15,42,0,16,0,822,2397,0,830,0,0,0,0,0,1,1,1,1,0,3,4,,3,,4,3,0
1,8,29,1,2,21,5,0,0,0,2,0,1,0,0,4,0,24,0,0,40,0,167,0,0,0,0,0,0,0,0,0,0,0,1,,3,,,3,1,1
2,32,65,0,6,9,2,30,1,1,1,0,0,0,0,6,0,0,0,0,201,0,0,0,0,1,0,0,1,0,0,0,0,1,2,,,,,2,2,0
2,46,47,0,22,144,3,22,0,1,2,1,0,0,0,4,28,0,0,0,180,1285,0,0,0,0,0,0,0,0,1,1,1,0,1,3,,,,5,3,1
3,60,45,1,23,117,4,11,0,0,3,1,1,1,1,12,28,52,20,53,756,1721,3036,1135,3095,1,1,1,1,1,1,1,1,1,3,3,4,3,4,5,4,0
2,42,32,1,0,59,4,4,0,1,6,1,1,1,1,17,38,53,23,73,682,1676,2254,880,2806,1,1,1,1,1,1,1,1,0,3,4,4,3,4,4,4,0
3,71,60,1,39,508,4,35,0,0,4,1,0,1,0,24,48,0,21,0,1666,3474,0,1465,0,1,1,1,0,1,1,1,1,0,3,4,,3,,6,4,0
2,72,63,1,40,222,2,43,1,1,2,1,0,1,0,82,62,0,16,0,5989,4439,0,1150,0,1,0,1,0,1,1,1,1,0,4,4,,3,,5,3,0
3,45,66,0,11,87,3,25,1,1,1,0,0,1,0,6,0,0,21,0,307,0,0,880,0,0,0,0,0,1,0,0,0,0,2,,,3,,4,1,0
3,5,31,0,4,34,1,9,0,0,1,1,1,1,1,2,17,31,13,20,6,79,129,60,70,0,1,0,0,1,1,1,1,0,0,3,3,3,3,4,3,1
2,17,38,1,19,18,4,0,0,1,4,0,0,0,0,9,0,0,0,0,162,0,0,0,0,1,0,0,0,0,0,0,0,0,2,,,,,3,2,0
2,70,55,0,12,65,3,24,0,0,1,1,0,1,0,27,43,0,21,0,1874,2921,0,1465,0,1,1,0,0,1,1,1,1,0,3,4,,3,,4,3,0
3,57,57,1,19,130,3,27,0,1,2,0,1,1,0,14,0,31,13,0,849,0,1761,685,0,1,0,0,1,0,0,0,0,1,3,,3,3,,5,2,0
1,20,33,0,13,44,3,8,0,1,1,0,1,0,0,6,0,29,0,0,124,0,551,0,0,1,0,0,0,0,0,1,1,1,2,,3,,,4,2,0
1,72,52,1,21,63,1,24,0,0,3,1,0,1,0,42,26,0,33,0,3115,1872,0,2305,0,1,0,0,0,1,1,1,1,0,4,3,,4,,4,3,0
3,32,50,0,28,57,4,20,0,0,1,1,0,1,1,5,39,0,38,24,123,1267,0,1205,707,0,0,0,0,1,1,1,1,0,2,4,,4,3,4,3,0
3,22,57,1,7,264,1,35,0,1,2,0,0,1,0,3,0,0,6,0,68,0,0,105,0,0,0,0,0,1,0,1,1,0,1,,,2,,6,3,0
2,6,24,0,2,28,1,5,0,0,2,1,0,1,0,4,9,0,28,0,35,58,0,155,0,0,0,0,0,1,1,1,1,0,1,2,,3,,3,3,1
3,32,23,1,2,26,3,1,0,1,6,1,1,1,0,11,24,31,28,0,325,797,856,880,0,1,1,0,1,1,1,1,1,0,2,3,3,3,,3,4,0
1,38,33,0,3,38,4,0,0,0,1,0,1,1,0,11,0,27,12,0,413,0,959,465,0,1,0,0,1,0,0,0,0,1,2,,3,3,,4,2,0
1,53,35,0,15,59,3,5,0,1,1,1,0,1,0,17,23,0,19,0,888,1251,0,995,0,0,0,1,0,0,1,1,0,0,3,3,,3,,4,3,0
3,37,76,0,38,117,4,21,0,1,1,0,0,1,0,8,0,0,6,0,274,0,0,230,0,0,0,0,0,0,0,0,0,0,2,,,2,,5,1,0
1,47,35,1,13,70,4,9,0,1,2,1,1,0,1,11,33,47,0,46,551,1556,2138,0,2168,1,1,1,1,1,1,0,1,1,2,3,4,,4,4,4,1
3,69,59,0,37,104,2,13,0,0,1,1,0,1,0,16,31,0,14,0,1121,2105,0,925,0,1,1,0,0,1,1,1,1,0,3,3,,3,,5,3,0
3,63,56,0,17,71,3,18,0,1,1,0,0,1,0,18,0,0,25,0,1163,0,0,1510,0,0,0,0,0,0,0,0,1,0,3,,,3,,4,1,0
1,61,34,1,0,70,3,7,0,1,3,1,1,1,1,19,30,52,19,47,1231,1820,3046,1095,2840,1,1,1,1,1,1,1,1,1,3,3,4,3,4,4,4,1
1,56,38,1,8,56,4,10,0,0,2,1,1,1,1,25,27,45,12,27,1418,1435,2452,645,1554,0,0,1,1,1,1,0,0,1,3,3,4,2,3,4,4,0
3,40,57,1,18,68,1,23,0,0,2,1,0,0,0,13,26,0,0,0,572,988,0,0,0,0,0,0,0,0,1,0,1,0,3,3,,,,4,3,0
2,61,45,0,21,80,2,13,0,1,1,0,0,1,0,18,0,0,35,0,1115,0,0,2200,0,1,0,0,0,0,0,0,0,0,3,,,4,,4,2,0
2,16,26,0,7,21,4,1,0,0,6,1,1,0,1,4,11,45,0,31,57,182,639,0,438,1,1,1,1,0,0,1,0,1,1,2,4,,3,3,4,0
2,7,43,0,4,69,3,5,0,1,1,0,0,0,0,4,0,0,0,0,37,0,0,0,0,0,0,0,0,0,0,0,0,0,1,,,,,4,1,0
3,20,31,1,10,39,2,3,0,1,2,0,0,0,0,8,0,0,0,0,149,0,0,0,0,0,0,0,0,0,0,0,0,0,2,,,,,4,1,0
2,35,38,0,7,90,2,18,0,0,4,1,0,1,0,7,18,0,14,0,246,558,0,425,0,1,0,1,1,0,1,0,0,1,2,3,,3,,4,2,0
1,60,37,1,12,64,5,1,0,1,2,0,0,1,0,15,0,0,18,0,978,0,0,970,0,1,0,0,0,0,0,0,0,0,3,,,3,,4,2,0
2,47,25,0,2,28,2,6,0,0,1,1,1,1,1,8,20,35,17,31,316,860,1535,770,1448,0,1,1,0,1,1,1,1,1,2,3,4,3,3,3,4,0
2,33,28,1,3,24,2,0,0,1,6,0,0,1,0,8,0,0,16,0,224,0,0,485,0,0,0,0,0,0,0,0,0,1,2,,,3,,3,1,0
3,12,34,0,2,44,2,7,0,0,1,0,0,0,0,4,0,0,0,0,49,0,0,0,0,0,0,0,0,0,0,0,0,0,1,,,,,4,1,0
1,10,31,0,0,32,4,7,0,1,2,0,1,0,0,5,0,28,0,0,60,0,253,0,0,1,0,1,1,0,0,0,0,1,2,,3,,,3,2,1
2,69,33,1,9,52,4,9,0,1,3,0,0,1,0,30,0,0,29,0,2143,0,0,1915,0,1,0,0,0,0,0,1,1,0,3,,,3,,4,3,0
1,23,20,0,1,15,3,0,0,1,1,0,0,0,0,8,0,0,0,0,200,0,0,0,0,1,0,0,0,0,0,0,0,0,2,,,,,3,2,0
1,53,31,0,10,46,3,6,0,0,2,1,1,1,0,27,19,43,38,0,1408,935,2298,2015,0,1,0,1,1,0,0,0,0,0,3,3,4,4,,4,2,0
2,60,57,1,14,107,2,33,0,1,2,1,0,1,1,18,31,0,21,47,1035,1863,0,1245,2640,1,0,1,0,1,1,1,1,0,3,3,,3,4,5,3,0
2,33,33,0,7,56,2,11,0,0,1,0,0,1,0,13,0,0,16,0,471,0,0,470,0,0,0,0,0,0,1,0,0,0,3,,,3,,4,1,0
3,67,40,1,21,40,4,7,0,1,4,0,1,1,1,24,0,47,15,37,1586,0,3013,1015,2396,1,1,1,1,1,0,1,0,1,3,,4,3,4,4,4,0
3,15,38,1,5,56,3,13,0,0,3,1,0,1,0,5,18,0,15,0,77,275,0,225,0,0,0,0,0,1,1,1,0,0,2,3,,3,,4,3,0
3,64,31,1,5,46,2,7,0,1,4,0,1,1,1,24,0,35,18,33,1547,0,2214,1115,2148,1,1,0,1,0,0,1,0,1,3,,4,3,4,4,2,0
2,46,49,1,13,51,2,21,0,0,2,0,0,1,0,7,0,0,22,0,330,0,0,945,0,0,0,0,0,0,0,0,0,0,2,,,3,,4,1,1
2,72,60,1,33,12,1,20,1,0,3,1,0,1,1,54,69,0,10,44,3776,4939,0,780,3102,1,1,1,0,1,1,1,1,0,4,4,,2,4,2,4,0
1,61,43,1,6,34,5,6,0,0,3,1,1,1,1,25,39,57,33,51,1542,2536,3280,1980,3183,1,1,1,1,1,1,1,1,1,3,4,4,3,4,4,4,1
3,54,27,0,3,27,2,6,0,1,5,1,1,1,1,12,35,48,6,44,661,1920,2484,315,2260,1,1,1,1,1,1,0,1,1,3,4,4,2,4,3,4,0
3,28,36,0,3,42,3,7,0,1,1,1,0,1,0,13,28,0,14,0,364,820,0,370,0,0,0,0,1,1,1,1,1,0,3,3,,3,,4,3,0
2,28,38,0,8,119,5,2,0,0,3,0,1,0,1,5,0,47,0,43,142,0,1263,0,1190,1,1,1,1,0,0,0,1,1,2,,4,,4,5,4,1
2,32,43,0,13,146,1,27,0,1,1,1,0,1,1,18,34,0,16,17,546,1091,0,510,559,0,0,0,0,1,1,1,1,0,3,4,,3,3,5,3,0
2,52,46,0,17,51,2,13,0,1,3,0,0,1,0,13,0,0,15,0,639,0,0,755,0,1,0,0,0,0,0,0,0,0,3,,,3,,4,2,0
1,48,62,0,33,86,1,22,1,1,1,1,1,1,1,16,34,39,19,31,729,1614,1763,920,1409,0,1,0,0,1,1,1,1,1,3,4,4,3,3,4,3,0
3,52,42,1,17,27,3,8,0,1,2,1,0,1,0,20,31,0,20,0,1009,1661,0,1050,0,0,0,0,1,1,1,1,1,0,3,3,,3,,3,3,0
1,37,43,0,8,38,3,9,0,0,1,0,0,0,0,8,0,0,0,0,290,0,0,0,0,1,0,0,0,0,0,0,0,0,2,,,,,4,2,0
1,41,52,0,26,928,3,29,0,0,3,1,0,1,0,8,25,0,14,0,344,1061,0,465,0,0,1,0,0,1,1,1,1,0,2,3,,3,,7,3,0
2,43,27,1,3,21,2,1,0,1,3,0,0,1,0,13,0,0,17,0,559,0,0,760,0,1,0,0,0,0,0,0,0,0,3,,,3,,3,2,0
3,67,60,0,24,24,1,6,0,1,1,0,0,1,0,25,0,0,22,0,1659,0,0,1530,0,1,1,0,0,0,0,1,1,0,3,,,3,,3,3,0
3,61,52,1,30,91,1,25,0,1,2,0,0,1,0,14,0,0,47,0,840,0,0,2790,0,0,0,0,0,0,0,0,0,0,3,,,4,,5,1,0
3,70,39,1,20,38,2,8,0,1,4,1,0,1,0,30,27,0,51,0,2201,1982,0,3450,0,1,0,0,0,1,0,0,1,0,3,3,,4,,4,3,0
3,44,32,1,1,96,4,5,0,1,4,1,1,1,1,5,22,62,9,58,213,952,2804,360,2452,1,1,1,1,1,1,1,1,1,2,3,4,2,4,5,4,0
3,46,45,0,12,96,3,17,0,0,1,0,1,1,0,11,0,25,10,0,504,0,1033,410,0,1,0,0,1,0,0,0,0,1,2,,3,2,,5,2,0
3,39,34,0,2,54,3,5,0,0,1,0,0,1,0,7,0,0,13,0,265,0,0,460,0,0,0,0,0,0,0,0,0,0,2,,,3,,4,1,0
2,39,59,0,20,1668,4,27,0,1,1,1,0,0,0,8,15,0,0,0,304,596,0,0,0,1,1,0,1,1,1,0,0,0,2,3,,,,7,2,0
2,50,29,1,10,53,4,0,0,1,4,1,1,1,1,13,46,53,12,46,593,2413,2499,540,2280,1,1,1,0,1,1,1,1,0,3,4,4,2,4,4,4,0
3,5,31,0,1,21,3,1,0,1,2,0,0,0,0,3,0,0,0,0,16,0,0,0,0,0,0,0,0,0,0,0,0,1,1,,,,,3,1,1
2,10,34,0,1,52,5,3,0,1,1,0,1,0,1,4,0,33,0,25,47,0,332,0,256,1,0,0,1,0,0,0,0,1,1,,3,,3,4,2,1
1,72,69,0,45,17,3,36,1,1,1,0,0,1,0,38,0,0,28,0,2752,0,0,2005,0,1,0,0,0,0,0,0,0,0,4,,,3,,3,2,0
2,68,60,0,40,262,2,39,0,1,1,0,0,1,0,32,0,0,26,0,2112,0,0,1690,0,1,0,0,0,1,1,1,0,0,3,,,3,,6,3,0
3,58,28,0,5,34,5,1,0,1,1,0,1,1,0,20,0,42,24,0,1145,0,2276,1335,0,1,1,1,1,0,0,0,0,1,3,,4,3,,4,2,0
3,18,44,1,10,107,1,19,0,1,7,0,0,0,0,2,0,0,0,0,42,0,0,0,0,0,0,0,0,0,0,0,0,0,1,,,,,5,1,0
1,65,45,1,25,67,5,13,0,1,2,1,1,1,0,10,21,28,36,0,671,1392,1729,2305,0,1,0,0,0,0,1,0,1,0,2,3,3,4,,4,3,0
3,8,45,0,1,37,4,0,0,0,1,0,1,0,0,5,0,32,0,0,64,0,208,0,0,1,0,0,1,0,0,0,0,1,2,,3,,,4,2,1
2,1,20,0,1,21,2,0,0,1,2,0,1,0,0,1,0,24,0,0,1,0,24,0,0,0,1,1,0,1,0,0,0,1,0,,3,,,3,1,1
3,42,58,0,7,22,1,4,0,1,1,0,0,0,0,4,0,0,0,0,167,0,0,0,0,1,0,0,0,0,0,0,0,0,1,,,,,3,2,0
1,4,25,1,3,71,3,3,0,1,5,0,1,0,0,4,0,29,0,0,15,0,110,0,0,0,1,0,1,0,0,0,0,1,1,,3,,,4,1,0
3,17,35,0,4,77,3,8,0,1,1,1,0,0,0,8,15,0,0,0,144,251,0,0,0,0,0,0,0,1,1,1,0,0,2,3,,,,4,3,0
2,8,24,1,1,18,4,0,0,1,5,1,1,1,1,3,17,39,20,34,17,134,297,165,261,0,1,1,1,1,1,1,1,1,1,3,4,3,4,3,4,1
1,49,37,1,17,50,2,12,0,1,2,0,0,1,0,4,0,0,17,0,243,0,0,800,0,1,0,0,0,0,0,0,0,0,1,,,3,,4,2,0
1,56,46,1,21,33,4,7,0,0,2,0,1,1,0,23,0,33,9,0,1257,0,1847,525,0,1,0,0,1,0,0,0,0,1,3,,3,2,,3,2,0
1,62,57,1,21,94,1,22,0,0,2,1,0,1,0,12,32,0,53,0,758,2000,0,3250,0,1,0,1,0,1,1,1,1,1,2,3,,4,,5,4,0
2,42,57,1,25,209,1,40,0,1,4,0,0,1,0,9,0,0,11,0,383,0,0,475,0,0,0,0,0,0,0,0,0,0,2,,,2,,5,1,0
1,13,32,0,7,31,4,5,0,0,2,1,0,1,1,5,36,0,11,23,65,452,0,115,244,0,1,0,0,1,1,1,1,0,2,4,,2,3,3,3,0
1,69,46,1,18,66,2,19,0,0,4,0,0,1,0,22,0,0,47,0,1589,0,0,3265,0,1,0,0,0,0,0,0,0,0,3,,,4,,4,2,0
2,45,59,0,14,51,1,15,0,0,2,0,0,1,0,6,0,0,5,0,236,0,0,175,0,0,0,0,0,0,0,0,0,0,2,,,2,,4,1,0
2,66,42,1,18,118,2,20,0,0,2,0,0,1,0,27,0,0,22,0,1775,0,0,1480,0,1,0,0,0,0,0,0,0,0,3,,,3,,5,2,0
2,15,35,0,10,25,2,3,0,0,1,0,1,0,0,5,0,21,0,0,41,0,291,0,0,0,0,0,1,0,0,0,0,1,2,,3,,,3,1,1
1,41,44,1,1,59,3,21,0,1,3,0,1,1,0,12,0,45,25,0,480,0,1853,1005,0,1,1,0,1,0,1,0,0,1,2,,4,3,,4,2,0
2,11,20,0,1,20,2,0,0,1,1,1,1,1,1,5,23,39,14,43,48,221,428,155,388,0,1,1,1,1,1,1,1,1,2,3,4,3,4,3,4,1
3,45,30,1,0,63,5,4,0,0,4,1,1,1,1,7,41,40,17,51,315,1850,1717,775,2240,1,1,1,1,1,1,1,1,1,2,4,4,3,4,4,4,1
1,52,62,0,23,36,4,17,0,0,1,1,0,1,0,13,19,0,19,0,709,979,0,915,0,0,0,0,0,0,0,0,1,0,3,3,,3,,4,1,0
1,42,56,0,24,72,4,18,0,1,1,0,1,1,1,8,0,39,21,40,337,0,1574,770,1713,1,1,1,1,1,1,1,1,1,2,,4,3,4,4,4,0
2,48,35,0,11,50,1,16,0,0,3,1,0,1,0,13,22,0,17,0,623,1019,0,790,0,0,1,0,0,1,1,0,0,0,3,3,,3,,4,3,0
3,4,31,0,5,39,2,5,0,0,2,1,1,1,1,5,26,42,10,36,20,96,112,25,143,0,1,1,1,1,1,1,1,1,2,3,4,2,4,4,4,1
3,53,64,1,10,54,2,20,0,1,2,1,1,1,1,10,39,51,54,75,484,2053,2658,2675,3818,1,1,1,1,1,1,1,1,1,2,4,4,4,4,4,4,0
3,1,59,0,4,9,1,4,1,0,1,1,0,1,0,4,27,0,21,0,4,27,0,21,0,0,0,0,0,1,1,1,0,0,1,3,,3,,2,3,0
3,19,30,1,10,33,4,1,0,0,3,1,1,0,0,4,22,32,0,0,79,396,544,0,0,0,1,1,1,0,1,1,1,1,1,3,3,,,3,4,0
2,33,30,0,11,28,1,9,0,0,1,0,0,0,0,7,0,0,0,0,247,0,0,0,0,0,0,0,0,0,0,1,0,0,2,,,,,3,1,0
3,42,36,1,14,44,2,11,0,0,3,1,0,0,1,7,27,0,0,26,322,1161,0,0,1173,0,0,1,0,1,1,1,1,0,2,3,,,3,4,3,0
1,60,32,0,12,34,4,4,0,1,2,0,0,1,0,24,0,0,10,0,1513,0,0,615,0,1,0,0,0,0,0,0,0,0,3,,,2,,4,2,0
2,57,51,1,7,68,4,18,0,1,3,1,0,1,0,16,19,0,8,0,930,1096,0,365,0,1,0,0,0,1,1,1,1,0,3,3,,2,,4,3,0
1,64,39,0,5,37,1,9,0,0,1,0,0,1,0,10,0,0,18,0,641,0,0,1020,0,0,0,0,0,0,0,0,0,0,2,,,3,,4,1,0
2,28,20,1,1,18,3,0,0,0,3,0,1,0,1,8,0,39,0,32,190,0,1041,0,873,1,1,1,1,0,1,0,1,1,2,,4,,3,3,4,0
1,29,35,1,10,55,2,7,0,0,4,1,0,1,0,16,22,0,31,0,478,613,0,855,0,0,0,0,0,0,1,1,1,0,3,3,,3,,4,3,1
1,46,31,1,12,21,1,5,0,0,5,0,0,1,0,9,0,0,9,0,370,0,0,415,0,0,0,0,0,0,1,1,1,0,2,,,2,,3,3,0
1,22,41,1,9,29,3,11,0,0,4,0,0,0,0,13,0,0,0,0,275,0,0,0,0,0,0,0,0,0,0,0,0,0,3,,,,,3,1,1
2,10,56,0,26,9,2,6,1,0,2,0,0,0,0,3,0,0,0,0,37,0,0,0,0,0,0,0,0,0,0,0,1,0,1,,,,,2,1,0
3,50,41,0,16,138,2,18,0,1,1,1,1,1,0,12,20,28,15,0,585,938,1359,690,0,1,0,0,0,0,0,0,0,1,3,3,3,3,,5,2,1
1,55,65,0,34,28,4,12,1,1,1,1,0,1,1,19,46,0,15,41,1007,2611,0,835,2164,0,1,1,0,1,1,1,1,0,3,4,,3,4,3,4,0
2,15,54,0,7,62,1,11,0,0,1,0,0,0,0,3,0,0,0,0,54,0,0,0,0,0,0,0,0,1,0,0,0,0,1,,,,,4,1,0
1,31,32,1,13,37,3,8,0,1,3,1,0,1,1,5,20,0,9,56,141,594,0,290,1771,1,1,1,1,1,1,1,1,0,2,3,,2,4,4,4,0
3,5,44,0,5,83,1,16,0,1,1,0,1,0,0,5,0,25,0,0,12,0,91,0,0,1,0,0,0,0,1,0,0,0,2,,3,,,4,2,1
2,69,63,0,28,168,1,43,0,1,2,1,0,1,0,15,44,0,18,0,1020,3097,0,1230,0,0,0,0,0,1,1,1,1,0,3,4,,3,,5,3,0
2,26,27,1,4,33,4,1,0,0,6,1,1,1,1,6,26,42,13,34,115,657,1090,310,810,1,1,1,1,1,1,1,1,1,2,3,4,3,4,3,4,1
3,10,33,1,2,66,3,9,0,1,4,1,0,1,0,7,21,0,25,0,59,242,0,220,0,0,0,0,1,1,0,1,0,0,2,3,,3,,4,1,1
1,26,30,0,9,18,4,1,0,0,3,1,0,1,0,7,26,0,33,0,172,688,0,840,0,0,1,1,0,1,1,1,1,0,2,3,,3,,3,4,1
3,25,30,0,0,20,1,4,0,1,1,1,0,1,0,9,22,0,16,0,216,522,0,370,0,0,0,0,0,1,1,0,1,0,2,3,,3,,3,3,0
3,30,23,1,4,19,3,1,0,0,4,0,1,1,0,8,0,35,28,0,253,0,1088,840,0,1,0,0,1,0,0,0,0,1,2,,4,3,,3,2,0
1,21,39,1,7,25,2,1,0,0,4,1,0,1,1,9,27,0,20,31,175,582,0,440,647,0,0,0,0,1,1,1,1,0,2,3,,3,3,3,3,0
1,71,46,0,27,119,5,7,0,1,1,0,1,1,1,43,0,70,15,112,3081,0,5029,1020,7857,1,1,1,1,0,0,1,1,1,4,,4,3,5,5,4,0
3,11,48,1,5,323,4,25,0,0,4,1,0,1,1,5,30,0,22,26,49,294,0,205,223,0,0,0,1,1,1,1,1,0,2,3,,3,3,6,3,1
1,24,30,1,7,45,1,11,0,1,2,0,0,0,0,6,0,0,0,0,135,0,0,0,0,0,0,0,0,0,0,1,0,0,2,,,,,4,1,0
1,65,59,1,27,197,4,26,0,0,2,0,1,1,0,45,0,26,47,0,2974,0,1700,3065,0,1,0,1,0,0,0,0,0,1,4,,3,4,,5,2,0
1,16,34,1,13,56,3,10,0,1,3,0,0,0,0,9,0,0,0,0,157,0,0,0,0,0,0,0,0,0,0,0,0,0,2,,,,,4,1,1
3,37,51,1,26,24,4,4,0,0,2,0,0,1,0,8,0,0,14,0,288,0,0,480,0,1,0,0,0,0,0,0,0,1,2,,,3,,3,2,0
1,5,30,0,4,25,3,6,0,0,1,1,1,0,0,2,15,28,0,0,25,72,147,0,0,0,0,0,0,1,1,1,0,0,1,3,3,,,3,3,1
1,3,55,1,9,26,5,0,0,1,2,0,1,0,0,6,0,31,0,0,22,0,50,0,0,1,1,0,1,0,0,0,0,1,2,,3,,,3,2,1
1,5,32,0,6,33,4,3,0,0,2,0,1,0,0,3,0,22,0,0,25,0,98,0,0,0,0,0,1,0,0,0,0,1,1,,3,,,3,1,1
1,60,44,1,4,150,2,24,0,0,2,1,0,1,1,20,64,0,15,37,1207,3908,0,870,2164,1,1,1,0,1,1,1,1,1,3,4,,3,4,5,4,0
2,19,37,1,4,99,2,15,0,1,3,0,0,0,0,8,0,0,0,0,142,0,0,0,0,1,0,0,1,1,0,0,0,1,2,,,,,5,2,1
3,54,40,0,19,50,4,12,0,1,2,0,0,1,1,23,0,0,5,33,1266,0,0,310,1747,1,1,0,1,1,1,1,1,1,3,,,2,3,4,4,0
2,25,41,0,3,81,3,20,0,1,4,0,0,1,0,7,0,0,11,0,194,0,0,290,0,0,0,0,0,0,1,1,1,0,2,,,2,,4,3,0
2,1,36,0,6,21,1,1,0,0,2,0,1,0,0,1,0,23,0,0,1,0,23,0,0,1,0,0,0,1,0,0,0,1,0,,3,,,3,2,1
3,54,68,0,7,273,3,27,0,1,1,0,0,1,0,18,0,0,6,0,1003,0,0,325,0,0,0,0,1,0,0,0,0,1,3,,,2,,6,1,0
1,14,31,1,9,39,3,4,0,1,7,0,0,0,0,4,0,0,0,0,61,0,0,0,0,0,0,0,0,0,0,0,0,0,1,,,,,4,1,0
3,14,28,1,7,17,2,3,0,0,4,0,1,0,0,6,0,21,0,0,87,0,288,0,0,0,0,0,0,0,0,0,0,1,2,,3,,,3,1,1
2,10,45,1,8,115,3,17,0,1,4,0,1,0,0,6,0,28,0,0,53,0,239,0,0,1,0,0,1,0,0,0,0,1,2,,3,,,5,2,1
1,7,23,0,3,27,2,1,0,1,3,1,0,1,0,4,10,0,7,0,21,76,0,55,0,0,0,0,0,0,1,1,0,0,1,2,,2,,3,1,0
2,33,45,0,24,35,1,6,0,0,1,1,0,1,0,6,24,0,26,0,206,861,0,780,0,0,0,1,0,1,1,1,1,0,2,3,,3,,4,3,1
1,3,23,0,2,20,2,4,0,0,1,0,1,0,0,5,0,30,0,0,11,0,69,0,0,0,1,0,1,0,0,0,1,1,2,,3,,,3,1,0
2,56,58,1,3,92,1,25,0,0,3,0,0,1,0,8,0,0,20,0,477,0,0,1075,0,0,0,0,0,0,0,0,1,0,2,,,3,,5,1,0
2,54,56,0,8,207,2,35,0,1,1,1,0,1,0,9,25,0,9,0,465,1352,0,455,0,0,0,0,0,1,1,1,1,0,2,3,,2,,5,3,0
1,72,55,1,28,40,1,11,0,0,5,0,0,1,0,34,0,0,36,0,2473,0,0,2770,0,1,0,0,0,0,0,0,0,0,4,,,4,,4,2,0
1,18,29,0,4,40,2,1,0,0,1,0,1,0,0,10,0,27,0,0,196,0,402,0,0,0,0,0,1,1,1,1,0,0,2,,3,,,4,3,0
3,25,29,0,9,55,4,1,0,0,1,1,0,0,0,5,25,0,0,0,148,612,0,0,0,0,0,0,0,1,0,0,0,1,2,3,,,,4,1,1
1,42,62,0,26,26,1,35,1,1,1,0,0,1,0,9,0,0,27,0,338,0,0,1070,0,0,0,0,0,0,0,0,0,1,2,,,3,,3,1,0
3,4,37,0,2,41,2,8,0,0,1,1,1,1,0,3,14,30,17,0,5,46,84,60,0,0,0,1,1,0,1,0,0,0,1,3,3,3,,4,1,0
2,12,50,1,16,203,4,25,0,0,2,1,0,1,1,5,22,0,11,28,72,285,0,120,316,0,0,1,0,0,1,0,0,1,2,3,,2,3,5,1,1
2,53,64,1,17,380,2,36,0,1,2,1,0,1,0,13,40,0,15,0,688,2104,0,825,0,0,0,0,0,1,1,1,1,0,3,4,,3,,6,3,0
2,13,38,1,8,104,4,6,0,0,7,1,0,1,1,10,22,0,26,59,160,274,0,325,723,0,1,1,1,1,1,1,1,1,2,3,,3,4,5,4,1
3,18,31,1,12,24,3,4,0,0,4,0,0,0,0,12,0,0,0,0,202,0,0,0,0,1,0,0,0,0,0,0,0,1,2,,,,,3,2,0
3,67,42,1,20,81,3,20,0,1,5,1,0,1,1,24,41,0,10,37,1701,2799,0,615,2482,1,1,1,0,1,1,1,1,0,3,4,,2,4,4,4,0
2,6,24,0,2,17,1,1,0,0,1,1,0,1,0,3,21,0,15,0,29,132,0,45,0,0,0,0,0,1,1,0,1,0,1,3,,3,,3,3,0
1,25,46,0,13,45,1,12,0,1,1,1,0,0,0,5,16,0,0,0,155,408,0,0,0,0,1,0,0,0,1,1,0,0,2,3,,,,4,3,0
2,15,39,0,19,32,2,2,0,0,1,0,1,0,0,3,0,32,0,0,44,0,463,0,0,1,1,0,0,0,0,0,0,1,1,,3,,,3,2,1
3,32,35,0,12,57,4,5,0,0,1,1,1,0,0,9,11,30,0,0,259,335,976,0,0,1,0,0,0,0,0,0,0,0,2,2,3,,,4,2,0
2,22,39,0,0,63,4,9,0,0,1,0,1,0,0,6,0,21,0,0,122,0,425,0,0,1,0,0,1,0,0,0,0,1,2,,3,,,4,2,1
2,8,22,0,3,25,4,0,0,0,1,1,0,1,1,8,32,0,18,19,62,264,0,155,154,0,1,0,0,1,1,1,1,0,2,3,,3,3,3,3,0
1,3,31,1,4,22,1,1,0,0,2,0,1,0,0,3,0,23,0,0,8,0,35,0,0,0,0,0,1,0,1,0,0,1,1,,3,,,3,1,1
2,32,54,0,6,155,2,20,0,0,1,0,0,0,0,16,0,0,0,0,529,0,0,0,0,0,0,0,0,0,0,0,0,0,3,,,,,5,1,0
1,49,54,0,24,30,2,5,0,0,1,0,0,1,0,16,0,0,14,0,755,0,0,625,0,1,0,0,0,0,0,1,0,0,3,,,3,,3,2,0
2,2,28,0,7,46,3,0,0,1,1,0,0,0,1,3,0,0,0,15,7,0,0,0,10,1,0,1,0,1,1,0,1,1,1,,,,3,4,4,0
1,39,47,0,1,68,4,10,0,1,2,0,0,0,0,8,0,0,0,0,309,0,0,0,0,1,0,0,1,0,0,0,0,1,2,,,,,4,2,1
1,42,33,0,2,67,2,5,0,0,2,0,0,1,0,7,0,0,25,0,270,0,0,1075,0,1,0,0,0,0,0,0,1,0,2,,,3,,4,2,0
1,28,36,0,3,69,3,2,0,0,1,1,1,1,1,6,25,42,32,37,153,697,1117,835,1021,1,1,1,0,1,1,1,1,1,2,3,4,3,4,4,4,0
2,41,46,1,14,47,2,11,0,0,5,1,1,1,1,6,41,56,20,51,280,1665,2198,830,1957,1,1,1,0,1,1,1,1,0,2,4,4,3,4,4,4,0
3,67,50,1,31,83,2,12,0,0,2,0,1,1,0,29,0,23,19,0,1922,0,1515,1240,0,1,0,0,0,0,0,0,0,1,3,,3,3,,4,2,0
1,38,40,0,15,34,2,11,0,1,1,0,1,1,0,4,0,20,7,0,158,0,780,275,0,1,0,0,1,0,0,0,0,0,1,,3,2,,4,2,0
2,18,38,0,8,45,2,2,0,1,4,1,1,1,1,3,32,36,15,23,46,609,655,270,423,0,1,0,1,1,1,1,1,1,1,3,4,3,3,4,4,1
2,6,42,1,17,29,2,2,0,1,2,1,0,1,1,4,26,0,29,32,13,159,0,165,162,0,1,1,0,1,1,1,1,0,1,3,,3,3,3,4,0
2,4,36,0,0,21,2,1,0,1,3,0,0,0,0,3,0,0,0,0,22,0,0,0,0,0,0,0,0,0,0,0,1,0,1,,,,,3,1,0
1,13,23,1,3,30,3,0,0,1,4,1,1,0,0,5,24,29,0,0,54,295,294,0,0,1,1,1,1,1,0,1,1,0,2,3,3,,,3,4,0
1,20,35,0,0,78,4,7,0,0,1,0,1,0,1,6,0,46,0,35,97,0,825,0,701,1,1,1,1,0,1,1,0,1,2,,4,,4,4,4,1
1,34,49,1,27,61,3,15,0,1,2,1,0,0,0,13,34,0,0,0,415,1119,0,0,0,0,0,0,0,1,1,1,1,0,3,4,,,,4,3,0
1,46,29,1,4,90,5,3,0,0,4,1,0,1,1,17,41,0,35,40,736,1818,0,1480,1783,0,1,1,1,1,1,1,1,0,3,4,,4,4,4,4,0
1,48,41,0,21,43,2,7,0,0,1,0,0,1,0,20,0,0,12,0,888,0,0,530,0,1,0,0,0,0,0,0,0,0,3,,,2,,4,2,0
3,69,61,1,12,301,2,37,0,0,2,1,1,1,1,26,37,42,16,38,1738,2589,2769,1110,2590,1,1,0,0,1,1,1,1,0,3,4,4,3,4,6,3,0
1,32,34,1,7,32,2,15,0,0,4,0,0,0,0,9,0,0,0,0,286,0,0,0,0,0,0,0,0,0,0,0,1,0,2,,,,,3,1,0
1,29,29,0,9,41,2,9,0,0,2,1,1,0,0,5,23,37,0,0,112,627,1010,0,0,1,0,0,0,0,0,1,1,1,2,3,4,,,4,2,0
3,55,52,0,22,127,1,28,0,1,3,0,0,1,0,7,0,0,20,0,401,0,0,1150,0,1,1,0,0,0,0,0,0,1,2,,,3,,5,2,0
3,72,60,1,36,271,1,43,0,1,2,0,0,1,0,22,0,0,52,0,1580,0,0,3665,0,1,0,0,0,1,1,1,1,0,3,,,4,,6,3,0
3,29,26,0,1,32,3,2,0,1,1,0,0,1,0,3,0,0,16,0,112,0,0,440,0,0,1,0,0,0,0,0,1,0,1,,,3,,3,1,1
2,50,25,1,1,36,4,2,0,1,5,0,1,1,1,13,0,41,10,41,682,0,1928,545,1964,1,1,1,0,1,1,1,1,1,3,,4,2,4,4,4,0
3,35,50,1,11,293,3,21,0,0,2,0,1,0,0,12,0,24,0,0,416,0,793,0,0,0,0,0,0,0,0,0,0,1,3,,3,,,6,1,1
3,11,63,0,9,41,3,3,0,0,1,0,1,0,0,4,0,30,0,0,46,0,300,0,0,0,0,0,1,0,0,0,0,1,1,,3,,,4,1,1
1,9,29,0,9,39,3,5,0,1,1,0,0,0,0,4,0,0,0,0,22,0,0,0,0,0,0,0,0,0,0,0,0,1,1,,,,,4,1,0
2,51,48,0,27,58,1,18,0,0,1,1,0,1,0,19,26,0,9,0,965,1320,0,390,0,0,0,0,0,1,0,1,1,0,3,3,,2,,4,3,1
1,33,34,1,2,28,1,3,0,1,3,0,0,0,0,13,0,0,0,0,439,0,0,0,0,1,0,0,1,1,0,0,0,0,3,,,,,3,2,0
1,25,20,0,0,15,2,0,0,0,2,1,0,1,0,11,23,0,19,0,297,572,0,405,0,0,0,0,0,1,1,1,1,0,2,3,,3,,3,3,0
3,31,34,0,9,105,4,7,0,1,4,0,0,1,0,6,0,0,6,0,182,0,0,170,0,0,0,0,0,0,1,0,1,0,2,,,2,,5,3,0
2,67,40,1,10,80,4,8,0,1,2,1,1,1,1,33,22,54,19,48,2225,1392,3532,1215,3185,1,1,1,1,1,1,1,1,1,3,3,4,3,4,4,4,0
3,55,45,0,8,36,2,9,0,0,3,1,0,1,0,26,42,0,12,0,1423,2295,0,630,0,1,1,0,0,1,1,1,1,0,3,4,,2,,4,3,0
3,19,50,0,7,112,4,3,0,1,1,0,1,1,1,7,0,45,14,47,160,0,817,265,894,1,1,1,0,1,1,0,1,1,2,,4,3,4,5,4,0
1,39,34,1,11,55,4,10,0,1,4,1,1,1,1,18,34,57,36,48,743,1308,2172,1385,1868,0,1,1,1,1,1,1,1,0,3,4,4,4,4,4,4,0
2,52,35,1,8,40,4,1,0,0,2,1,1,1,1,11,34,35,11,45,547,1772,1726,615,2407,1,1,0,0,1,1,1,1,0,2,4,4,2,4,4,3,0
3,55,37,1,15,23,2,0,0,1,5,1,0,1,0,13,33,0,26,0,716,1784,0,1355,0,1,0,0,0,1,1,1,1,0,3,3,,3,,3,3,0
2,25,62,0,27,28,4,33,1,1,1,1,1,1,1,8,15,52,18,47,160,359,1184,430,1118,1,1,1,0,1,1,1,1,1,2,3,4,3,4,3,4,1
3,33,58,0,12,21,2,23,1,1,1,0,0,1,0,9,0,0,21,0,264,0,0,690,0,0,0,0,0,0,0,0,0,0,2,,,3,,3,1,0
2,48,35,0,5,63,4,12,0,0,2,0,0,1,0,13,0,0,28,0,561,0,0,1315,0,1,0,1,0,1,1,1,1,0,3,,,3,,4,3,1
2,48,31,1,12,52,4,3,0,0,3,1,1,1,1,8,27,51,32,56,365,1324,2290,1410,2725,1,1,1,1,1,1,1,1,1,2,3,4,3,4,4,4,0
2,49,57,0,3,189,1,31,0,1,3,0,0,1,0,11,0,0,9,0,476,0,0,405,0,0,0,0,0,0,0,0,0,0,2,,,2,,5,1,0
3,54,32,1,0,50,1,15,0,0,3,1,1,1,0,18,46,49,21,0,959,2531,2611,1105,0,0,0,0,0,1,1,1,1,0,3,4,4,3,,4,3,1
1,45,32,1,9,23,1,15,0,0,4,0,0,0,0,10,0,0,0,0,469,0,0,0,0,0,0,0,0,0,0,0,0,0,2,,,,,3,1,0
3,4,37,1,1,33,2,15,0,1,5,0,1,0,0,2,0,22,0,0,19,0,65,0,0,0,0,0,1,0,0,0,0,1,1,,3,,,3,1,1
3,49,27,1,3,29,3,6,0,1,3,0,1,0,0,10,0,44,0,0,476,0,2097,0,0,1,1,0,1,0,0,0,0,1,2,,4,,,3,2,1
2,23,35,0,2,96,3,4,0,0,1,0,1,1,1,6,0,38,23,46,160,0,788,450,979,1,1,1,1,1,1,1,1,1,2,,4,3,4,5,4,1
2,31,44,0,23,80,5,15,0,0,1,1,1,0,0,14,9,30,0,0,465,306,917,0,0,1,0,0,1,0,0,0,0,1,3,2,3,,,4,2,1
2,55,44,1,2,68,2,15,0,0,5,1,0,1,0,7,44,0,30,0,351,2423,0,1685,0,0,0,0,0,1,1,1,1,0,2,4,,3,,4,3,0
1,9,28,0,7,30,1,4,0,1,6,0,0,0,0,4,0,0,0,0,47,0,0,0,0,0,0,0,0,0,0,0,0,0,1,,,,,3,1,0
2,55,57,1,25,34,2,12,0,0,3,0,0,1,0,15,0,0,30,0,785,0,0,1600,0,0,0,0,0,0,0,0,0,0,3,,,3,,4,1,0
1,34,30,0,3,35,2,2,0,1,3,1,0,1,0,9,22,0,8,0,333,696,0,275,0,0,1,0,0,1,1,1,1,1,2,3,,2,,4,3,0
1,10,23,0,4,36,2,1,0,0,3,1,0,1,0,9,15,0,22,0,86,142,0,200,0,0,0,0,0,1,1,1,1,0,2,3,,3,,4,3,0
2,62,76,0,20,35,3,18,1,1,1,0,0,1,0,17,0,0,18,0,1046,0,0,1085,0,1,0,0,0,1,0,0,0,1,3,,,3,,4,2,0
2,51,36,0,13,62,3,9,0,0,2,1,0,1,1,6,36,0,20,40,306,1873,0,995,2005,1,1,1,1,1,1,1,1,0,2,4,,3,4,4,4,0
1,65,48,0,28,94,1,25,0,0,1,0,0,1,0,10,0,0,23,0,665,0,0,1470,0,1,0,0,0,0,0,0,0,0,2,,,3,,5,2,0
3,53,33,0,1,60,1,6,0,0,2,1,0,1,1,18,29,0,41,29,951,1502,0,2170,1525,0,1,1,0,1,1,1,1,0,3,3,,4,3,4,4,0
1,23,35,0,4,118,2,11,0,0,1,0,1,0,0,8,0,30,0,0,197,0,672,0,0,0,1,0,1,0,0,0,0,1,2,,3,,,5,1,1
3,1,30,0,3,135,4,3,0,0,3,1,1,1,0,1,6,23,3,0,1,6,23,3,0,0,0,0,1,1,0,0,0,1,0,2,3,1,,5,1,1
3,66,55,0,20,80,2,24,0,1,1,1,0,1,0,14,31,0,15,0,938,2128,0,965,0,1,0,0,0,1,1,1,1,0,3,3,,3,,4,3,0
3,8,27,1,0,21,3,3,0,1,2,0,1,0,0,4,0,36,0,0,38,0,236,0,0,1,0,0,1,0,0,0,0,1,1,,4,,,3,2,0
3,18,28,1,3,22,1,2,0,1,5,0,0,1,0,3,173,0,10,0,56,0,0,175,0,0,0,0,0,0,0,0,0,0,1,5,,2,,3,1,0
3,36,32,1,3,63,4,7,0,0,4,0,1,1,0,6,0,30,13,0,230,0,991,415,0,1,0,0,1,0,0,0,1,0,2,,3,3,,4,2,0
1,13,40,0,16,142,2,18,0,1,1,0,0,0,0,8,0,0,0,0,110,0,0,0,0,0,0,0,0,0,0,0,0,0,2,,,,,5,1,1
3,4,44,0,15,32,3,0,0,1,1,1,1,1,0,2,14,26,9,0,7,45,82,25,0,0,1,0,1,1,0,1,1,0,1,3,3,2,,3,3,1
3,20,32,0,10,19,3,5,0,0,1,0,1,0,0,7,0,36,0,0,107,0,702,0,0,1,0,0,1,0,0,0,0,1,2,,4,,,3,2,0
1,66,39,1,12,60,4,10,0,0,3,1,1,1,1,20,39,46,17,36,1444,2491,2895,1055,2322,1,1,1,1,1,1,1,1,1,3,4,4,3,4,4,4,0
3,67,47,1,7,97,1,23,0,0,4,0,0,1,0,22,0,0,19,0,1465,0,0,1225,0,0,0,0,0,1,1,1,1,0,3,,,3,,5,3,0
1,11,24,1,0,31,2,3,0,1,4,1,1,1,1,5,16,39,14,34,83,189,423,140,332,0,1,1,1,1,1,1,0,1,2,3,4,3,4,3,4,1
1,6,26,0,7,30,3,1,0,1,2,0,1,0,0,6,0,20,0,0,31,0,109,0,0,0,0,0,1,0,0,0,0,0,2,,3,,,3,1,1
2,13,23,1,4,31,1,5,0,1,4,0,1,0,1,5,0,35,0,28,55,0,399,0,340,0,1,1,1,0,0,0,0,1,2,,4,,3,3,1,0
2,2,29,1,3,44,2,9,0,1,6,1,1,1,1,2,16,43,12,34,5,31,47,5,24,1,1,1,1,1,1,1,1,1,1,3,4,3,4,4,4,1
1,4,40,0,12,38,2,5,0,0,1,0,0,1,0,8,0,0,12,0,32,0,0,25,0,0,0,0,0,0,0,0,0,0,2,,,2,,4,1,0
1,34,63,1,10,23,2,0,0,1,2,1,1,1,1,14,20,40,15,29,459,617,1396,495,984,1,1,1,1,1,1,1,1,1,3,3,4,3,3,3,4,0
1,13,34,1,6,37,3,6,0,0,4,0,0,0,0,7,0,0,0,0,103,0,0,0,0,0,0,0,0,0,1,0,1,0,2,,,,,4,3,0
2,37,40,1,14,26,2,0,0,0,5,0,0,1,0,19,0,0,12,0,653,0,0,470,0,1,0,0,0,0,0,0,0,1,3,,,2,,3,2,0
1,45,30,1,8,38,2,5,0,0,6,0,0,1,0,13,0,0,24,0,622,0,0,1015,0,1,0,0,0,0,1,1,1,0,3,,,3,,4,3,0
2,71,70,0,30,153,3,34,1,1,1,1,0,1,1,31,46,0,26,47,2291,3115,0,1805,3293,1,0,0,0,1,1,1,1,0,3,4,,3,4,5,3,0
1,35,40,0,5,49,1,20,0,1,1,0,0,0,0,3,0,0,0,0,108,0,0,0,0,0,0,0,0,0,0,0,0,0,1,,,,,4,1,0
3,44,41,0,21,51,3,7,0,0,1,0,1,1,0,5,0,32,11,0,204,0,1302,460,0,0,0,0,1,0,0,0,0,1,2,,3,2,,4,1,0
3,44,45,1,19,88,1,21,0,0,2,1,0,1,0,12,25,0,8,0,524,1108,0,305,0,1,0,0,0,1,1,1,1,0,2,3,,2,,4,3,0
1,26,41,1,20,19,1,0,0,1,6,0,0,0,0,5,0,0,0,0,165,0,0,0,0,0,0,0,0,0,0,0,0,0,2,,,,,3,1,0
2,42,46,1,9,31,1,12,0,1,3,0,0,1,0,6,0,0,23,0,278,0,0,945,0,0,0,0,0,0,0,0,1,0,2,,,3,,3,1,0
2,41,47,1,6,90,2,19,0,0,3,0,1,1,0,7,0,20,31,0,251,0,825,1240,0,0,0,0,1,0,0,0,0,0,2,,3,3,,4,1,1
1,31,24,1,3,14,1,0,0,0,4,0,0,0,0,7,0,0,0,0,232,0,0,0,0,0,0,0,0,0,0,0,0,0,2,,,,,3,1,0
3,62,63,0,43,341,2,30,0,0,1,0,0,1,0,15,0,0,14,0,912,0,0,845,0,0,1,0,1,1,1,0,1,0,3,,,3,,6,3,1
1,12,23,1,2,24,4,0,0,1,8,1,0,1,1,3,41,0,16,35,36,502,0,210,373,0,1,1,1,1,1,1,1,0,1,4,,3,4,3,4,0
2,45,49,1,27,81,2,7,0,1,4,1,0,1,0,14,51,0,21,0,583,2284,0,935,0,0,0,0,0,1,1,1,1,0,3,4,,3,,4,3,0
1,47,34,1,4,63,2,13,0,1,4,0,0,1,0,19,0,0,31,0,881,0,0,1395,0,0,0,0,0,0,0,0,0,0,3,,,3,,4,1,0
2,23,22,1,1,27,1,4,0,0,5,1,0,1,0,8,23,0,16,0,211,516,0,345,0,1,0,0,0,1,1,1,0,0,2,3,,3,,3,3,0
3,39,34,0,4,20,5,3,0,1,1,1,1,1,1,10,21,59,10,79,375,873,2362,385,2973,1,1,1,1,1,1,1,1,1,2,3,4,2,4,3,4,0
2,19,26,0,2,48,3,0,0,0,2,0,0,1,0,8,0,0,7,0,156,0,0,105,0,0,1,0,0,1,1,1,0,0,2,,,2,,4,3,0
1,13,54,0,12,121,4,23,0,0,1,0,0,0,0,7,0,0,0,0,102,0,0,0,0,0,0,0,0,1,0,1,1,0,2,,,,,5,3,0
2,5,33,0,6,39,3,4,0,0,3,1,1,0,0,2,20,27,0,0,5,81,103,0,0,1,0,1,0,1,1,1,1,1,1,3,3,,,4,4,1
2,11,19,0,0,21,2,0,0,0,1,0,0,0,0,4,0,0,0,0,35,0,0,0,0,0,0,0,0,0,0,0,0,1,1,,,,,3,1,1
3,4,32,0,2,53,4,5,0,0,1,1,1,0,0,7,11,26,0,0,29,56,91,0,0,0,0,1,0,0,0,0,0,1,2,2,3,,,4,1,1
3,17,42,0,8,58,1,23,0,0,1,0,1,0,0,5,0,29,0,0,85,0,523,0,0,1,1,0,1,0,1,0,0,0,2,,3,,,4,2,1
2,7,27,0,3,39,3,2,0,0,1,0,0,0,0,4,0,0,0,0,20,0,0,0,0,0,0,0,0,0,0,1,0,0,1,,,,,4,1,1
1,19,65,0,3,108,1,33,0,0,3,1,0,1,0,6,22,0,11,0,118,424,0,190,0,0,0,0,0,1,1,1,1,0,2,3,,2,,5,3,0
2,32,34,1,0,38,1,10,0,0,4,0,0,1,0,7,0,0,19,0,217,0,0,600,0,1,0,0,0,0,0,0,0,1,2,,,3,,4,2,0
2,53,51,0,31,245,4,0,0,0,1,1,0,1,0,18,28,0,11,0,962,1535,0,570,0,1,0,0,0,0,0,0,1,0,3,3,,2,,6,2,0
1,51,38,0,19,51,1,18,0,1,1,1,0,1,0,12,26,0,23,0,577,1267,0,1195,0,0,1,0,0,1,1,1,1,0,2,3,,3,,4,3,0
1,35,34,0,7,78,4,10,0,1,1,0,0,1,0,14,0,0,5,0,556,0,0,135,0,0,0,0,0,0,0,0,0,0,3,,,2,,4,1,0
1,3,31,1,4,23,4,4,0,0,5,1,1,1,1,3,17,36,38,22,8,74,44,70,48,0,1,1,0,1,1,1,1,1,1,3,4,4,3,3,4,1
1,22,48,0,7,88,4,12,0,0,1,0,1,0,0,5,0,32,0,0,93,0,646,0,0,0,0,0,1,0,0,0,0,0,2,,3,,,4,1,1
3,17,21,1,0,25,2,1,0,1,3,0,0,0,0,6,0,0,0,0,90,0,0,0,0,1,0,0,0,1,0,1,1,1,2,,,,,3,3,0
2,68,39,0,20,73,2,16,0,1,1,1,0,1,0,45,16,0,20,0,3002,1089,0,1295,0,1,0,0,0,0,0,0,0,0,4,3,,3,,4,2,0
2,27,41,1,7,62,4,15,0,1,2,1,0,1,0,14,16,0,7,0,371,450,0,165,0,0,0,0,0,1,0,0,1,0,3,3,,2,,4,3,0
3,68,52,1,8,456,3,30,0,1,4,1,0,1,1,22,28,0,27,30,1550,1782,0,1885,2097,1,0,0,0,1,1,1,1,0,3,3,,3,3,6,3,0
3,56,42,1,10,24,2,5,0,0,2,0,0,0,0,34,0,0,0,0,1871,0,0,0,0,0,0,0,0,1,1,1,1,0,4,,,,,3,3,0
3,11,32,0,8,23,2,0,0,1,1,0,1,1,0,6,0,28,7,0,83,0,243,95,0,0,0,0,1,0,0,0,0,1,2,,3,2,,3,1,0
3,5,47,0,7,46,1,6,0,1,1,0,0,1,0,3,0,0,7,0,22,0,0,35,0,0,0,0,0,1,0,1,0,0,1,,,2,,4,1,1
3,16,50,0,5,263,2,29,0,1,3,1,1,0,1,4,17,32,0,22,60,253,463,0,309,0,0,0,0,1,1,1,1,1,1,3,3,,3,6,3,0
2,59,30,0,2,34,4,2,0,1,1,0,1,1,0,17,0,32,12,0,1020,0,1939,680,0,1,1,0,0,0,0,0,0,0,3,,3,2,,4,2,0
1,60,64,0,14,33,2,13,1,0,1,1,0,1,1,31,22,0,12,47,1829,1391,0,670,2962,1,1,1,0,1,1,1,1,1,3,3,,3,4,3,4,0
3,55,47,0,11,37,1,11,0,0,1,1,0,1,0,15,20,0,11,0,786,1171,0,570,0,0,0,0,0,1,0,0,1,0,3,3,,2,,4,3,0
1,18,56,0,22,296,2,25,0,0,1,0,0,1,0,3,0,0,8,0,50,0,0,160,0,0,0,0,0,1,0,0,0,0,1,,,2,,6,1,0
2,16,22,0,0,26,3,0,0,1,3,0,1,0,0,4,0,29,0,0,65,0,514,0,0,1,0,0,0,0,0,0,0,1,1,,3,,,3,2,1
1,35,57,1,32,47,4,12,0,0,2,0,1,1,0,7,0,34,19,0,264,0,1153,630,0,1,0,0,1,0,0,0,0,0,2,,4,3,,4,2,0
3,31,23,1,1,31,3,1,0,1,2,1,1,1,1,17,19,59,17,51,520,537,1713,450,1534,0,1,1,1,1,1,1,1,1,3,3,4,3,4,3,4,1
2,20,49,1,5,264,2,29,0,1,2,0,0,0,0,10,0,0,0,0,159,0,0,0,0,0,0,0,0,0,1,0,0,0,2,,,,,6,1,0
2,16,27,0,5,41,4,2,0,1,1,1,1,1,1,7,16,43,17,31,101,279,615,255,450,0,1,1,1,1,1,1,1,1,2,3,4,3,3,4,4,1
2,69,48,1,27,55,2,4,0,0,2,1,1,1,0,20,36,34,62,0,1412,2397,2441,4125,0,1,0,0,0,0,1,1,0,0,3,4,4,4,,4,3,0
3,69,66,1,31,49,2,15,0,0,2,1,0,1,0,23,29,0,26,0,1567,2063,0,1750,0,0,0,0,0,0,0,0,0,0,3,3,,3,,4,1,0
2,27,24,1,3,26,1,7,0,1,4,0,0,0,0,6,0,0,0,0,138,0,0,0,0,0,0,1,0,0,0,0,0,0,2,,,,,3,1,1
3,48,39,0,20,110,4,9,0,0,1,1,0,1,1,18,30,0,9,30,813,1473,0,475,1504,1,0,1,0,1,1,1,1,0,3,3,,2,3,5,3,0
1,18,52,1,20,66,1,19,0,1,2,1,0,1,0,13,28,0,11,0,205,521,0,170,0,0,0,0,1,0,0,1,0,0,3,3,,2,,4,1,0
2,24,40,1,4,39,3,5,0,1,2,1,0,1,1,4,26,0,28,23,117,628,0,570,529,0,0,1,0,1,1,1,1,0,1,3,,3,3,4,3,0
2,17,42,0,6,31,2,2,0,0,1,1,0,0,1,8,25,0,0,26,141,405,0,0,448,1,1,0,0,1,1,0,1,1,2,3,,,3,3,4,1
2,9,24,1,3,26,4,1,0,1,3,0,1,0,0,8,0,23,0,0,75,0,170,0,0,0,0,0,0,0,0,1,0,0,2,,3,,,3,1,0
2,15,46,0,5,232,4,15,0,1,2,1,1,1,1,4,23,45,23,31,41,358,582,305,475,0,1,1,1,1,1,1,1,1,1,3,4,3,3,5,4,1
1,62,37,1,10,43,4,1,0,1,3,0,1,1,0,9,0,37,19,0,540,0,2302,1160,0,1,0,0,0,1,0,0,0,0,2,,4,3,,4,2,0
1,9,41,0,12,39,4,3,0,0,1,0,1,0,1,5,0,40,0,21,26,0,318,0,136,0,1,1,1,0,0,0,0,1,2,,4,,3,4,1,1
2,71,41,1,10,73,2,23,0,1,2,0,0,1,0,33,0,0,42,0,2413,0,0,3085,0,1,0,0,0,1,1,1,0,0,3,,,4,,4,3,0
2,62,59,1,37,74,1,20,0,0,2,1,0,1,0,16,36,0,11,0,972,2245,0,645,0,0,0,0,0,1,1,1,1,0,3,4,,2,,4,3,0
2,20,38,0,19,237,4,13,0,0,1,1,1,1,1,6,21,34,10,27,164,473,711,215,491,0,0,1,1,1,1,1,0,0,2,3,4,2,3,5,4,0
1,19,33,1,11,22,1,3,0,0,5,0,0,1,0,4,0,0,36,0,80,0,0,685,0,1,0,0,0,1,1,0,1,0,1,,,4,,3,3,0
2,49,61,1,28,21,1,8,0,0,2,1,0,1,0,16,25,0,9,0,757,1229,0,395,0,0,0,0,0,1,1,1,1,0,3,3,,2,,3,3,0
3,3,64,0,3,9,2,6,1,0,1,0,0,0,0,5,0,0,0,0,15,0,0,0,0,0,0,0,0,0,0,0,0,0,2,,,,,2,1,1
1,33,36,0,2,41,5,10,0,0,1,0,1,0,1,4,0,39,0,27,93,0,1225,0,842,0,1,0,1,0,0,0,0,1,1,,4,,3,4,1,1
2,38,44,0,1,50,4,7,0,1,1,0,1,1,0,7,0,25,10,0,278,0,892,355,0,1,0,0,1,0,0,0,0,1,2,,3,2,,4,2,1
3,42,48,1,14,27,3,5,0,1,3,1,1,1,1,17,36,54,23,28,692,1540,2100,910,1200,1,1,0,0,1,1,1,1,1,3,4,4,3,3,3,4,0
1,11,26,0,2,53,3,3,0,0,1,1,1,1,1,4,22,44,12,39,35,188,431,110,416,1,1,1,1,0,1,1,0,1,1,3,4,2,4,4,4,1
3,27,28,1,0,58,3,0,0,0,2,1,0,0,0,6,23,0,0,0,164,566,0,0,0,0,0,0,0,1,1,0,1,0,2,3,,,,4,3,0
3,23,50,0,1,151,4,8,0,1,1,1,0,0,0,8,22,0,0,0,187,438,0,0,0,0,0,0,0,1,0,0,0,0,2,3,,,,5,1,0
2,4,38,1,13,54,2,4,0,0,2,1,0,1,1,5,26,0,49,24,22,115,0,140,50,0,1,0,0,1,1,1,1,0,2,3,,4,3,4,3,0
3,36,42,0,5,31,1,4,0,1,1,0,0,0,0,10,0,0,0,0,374,0,0,0,0,0,0,0,0,0,0,0,0,0,2,,,,,3,1,1
2,37,42,0,10,115,1,22,0,1,1,0,0,1,0,15,0,0,19,0,494,0,0,665,0,0,0,0,0,1,1,1,1,0,3,,,3,,5,3,0
3,24,58,1,30,24,1,5,0,0,2,1,0,0,0,8,16,0,0,0,177,421,0,0,0,0,0,0,0,0,0,0,0,0,2,3,,,,3,1,0
3,4,24,0,1,17,2,2,0,0,3,0,0,0,0,3,0,0,0,0,10,0,0,0,0,0,0,0,0,0,0,0,0,0,1,,,,,3,1,1
3,54,33,0,5,47,2,13,0,1,2,1,0,1,0,14,32,0,20,0,732,1672,0,1125,0,0,0,0,0,1,1,0,1,0,3,3,,3,,4,3,0
3,7,49,0,8,36,1,0,0,1,1,1,0,1,0,9,20,0,53,0,77,123,0,325,0,0,0,0,0,1,1,1,1,0,2,3,,4,,4,3,1
1,10,28,0,9,75,4,1,0,0,1,1,1,1,1,6,28,42,40,36,46,226,373,340,291,0,1,1,1,1,1,1,1,1,2,3,4,4,4,4,4,1
3,24,35,1,10,41,5,6,0,1,2,0,1,0,0,3,0,30,0,0,89,0,711,0,0,1,0,0,1,0,0,0,0,1,1,,3,,,4,2,0
3,12,31,0,8,18,4,4,0,0,1,0,1,0,0,4,0,24,0,0,49,0,243,0,0,0,0,0,1,0,0,0,0,1,1,,3,,,3,1,1
2,45,54,0,25,171,3,33,0,1,1,1,0,1,0,9,19,0,9,0,385,846,0,365,0,0,0,0,0,1,1,1,1,0,2,3,,2,,5,3,0
3,59,55,1,29,42,3,21,0,1,2,0,0,1,0,9,0,0,15,0,492,0,0,855,0,1,0,0,0,0,0,0,0,0,2,,,3,,4,2,0
1,3,21,1,1,36,3,0,0,1,4,0,0,0,0,3,0,0,0,0,14,0,0,0,0,0,0,0,0,0,0,0,0,0,1,,,,,4,1,0
3,8,35,0,6,31,5,7,0,0,1,1,1,0,1,4,17,36,0,42,35,155,238,0,288,1,1,1,1,1,1,1,1,1,1,3,4,,4,3,4,1
1,16,59,0,5,207,2,37,0,1,2,1,0,1,0,7,16,0,12,0,113,281,0,150,0,0,0,1,0,0,1,1,1,1,2,3,,2,,5,4,0
3,32,33,0,1,38,1,12,0,1,1,0,0,1,0,7,0,0,34,0,231,0,0,1050,0,0,0,0,0,0,0,0,0,0,2,,,4,,4,1,0
1,8,49,0,14,134,4,9,0,1,1,1,1,1,1,3,31,59,24,60,36,226,459,155,445,1,1,1,1,1,1,1,1,1,1,3,4,3,4,5,4,1
1,9,28,1,8,28,3,4,0,0,3,0,1,0,0,5,0,29,0,0,36,0,230,0,0,1,0,0,1,0,0,0,1,1,2,,3,,,3,2,1
2,12,19,1,0,15,2,0,0,1,4,0,1,0,0,6,0,22,0,0,102,0,275,0,0,1,0,0,0,0,0,0,0,0,2,,3,,,3,2,0
2,24,43,1,15,48,4,4,0,0,6,1,1,1,1,14,26,37,58,37,340,591,870,1415,902,1,1,1,1,1,1,1,1,1,3,3,4,4,4,4,4,0
3,72,75,0,48,14,2,6,1,1,1,0,0,1,0,37,0,0,109,0,2686,0,0,7515,0,1,0,0,0,0,0,0,0,0,4,,,5,,3,2,0
3,58,61,0,42,101,4,18,0,1,1,0,0,1,0,16,0,0,17,0,957,0,0,925,0,1,0,0,1,0,0,0,0,0,3,,,3,,5,2,0
1,70,44,1,24,87,2,18,0,0,3,1,0,1,0,19,48,0,25,0,1399,3310,0,1735,0,1,1,0,0,1,1,1,1,0,3,4,,3,,4,3,0
3,9,25,0,3,27,1,4,0,1,1,0,0,0,0,12,0,0,0,0,122,0,0,0,0,0,0,0,0,0,0,0,0,0,3,,,,,3,1,1
1,49,25,0,1,27,5,0,0,1,1,0,1,1,1,10,0,43,6,27,497,0,2055,270,1253,1,1,1,1,0,0,0,0,1,2,,4,2,3,3,2,0
3,52,54,0,7,59,3,22,0,0,1,1,0,1,1,15,33,0,22,39,800,1644,0,1055,1992,1,0,0,0,1,1,0,1,0,3,3,,3,4,4,3,0
1,10,42,1,10,294,4,9,0,1,6,1,1,1,1,5,28,44,24,37,33,285,428,185,331,1,1,1,1,1,1,1,1,1,2,3,4,3,4,6,4,1
1,14,52,1,2,44,3,5,0,0,2,0,0,1,1,5,0,0,14,15,69,0,0,185,212,0,1,0,0,1,1,0,0,0,2,,,3,3,4,3,0
1,19,27,1,3,35,2,4,0,0,6,1,0,1,0,5,21,0,23,0,116,398,0,415,0,0,1,1,0,1,1,1,1,0,2,3,,3,,4,4,0
3,12,36,1,4,205,4,10,0,1,4,0,1,0,1,6,0,38,0,32,54,0,433,0,397,1,1,1,1,0,0,0,0,1,2,,4,,3,5,2,1
1,65,59,0,27,732,3,31,0,1,1,0,0,1,0,10,0,0,13,0,601,0,0,820,0,1,1,0,0,0,0,1,1,1,2,,,3,,7,2,0
1,67,40,1,14,59,3,11,0,0,2,1,0,1,0,27,30,0,20,0,1723,1960,0,1245,0,0,0,0,0,1,1,1,1,0,3,3,,3,,4,3,0
2,29,24,1,3,23,1,7,0,0,2,1,0,1,0,10,32,0,18,0,320,885,0,500,0,0,0,0,0,1,1,1,1,0,2,3,,3,,3,3,0
3,55,46,0,8,87,2,19,0,1,1,0,1,1,0,18,0,28,15,0,983,0,1450,785,0,0,0,0,1,0,0,1,1,1,3,,3,3,,4,1,0
3,71,67,1,25,110,1,23,0,1,2,1,0,1,0,34,22,0,18,0,2256,1488,0,1175,0,0,0,0,0,0,1,1,1,0,4,3,,3,,5,3,0
3,5,44,1,2,83,3,14,0,1,3,1,0,1,1,4,26,0,20,22,32,132,0,50,80,0,1,0,1,1,1,1,1,0,1,3,,3,3,4,3,1
3,60,58,0,0,63,4,21,0,1,3,1,1,1,0,16,28,24,13,0,1013,1582,1395,805,0,1,0,0,0,0,0,0,0,1,3,3,3,3,,4,2,0
2,10,40,0,6,22,3,6,0,1,1,0,0,0,0,5,0,0,0,0,60,0,0,0,0,0,0,0,1,0,0,0,0,0,2,,,,,3,1,1
3,52,64,0,44,43,3,7,0,0,1,1,1,1,1,13,29,49,24,37,648,1542,2571,1210,1847,1,1,1,1,1,1,1,1,0,3,3,4,3,4,4,4,0
2,61,43,1,22,35,2,11,0,0,3,1,0,1,0,21,16,0,17,0,1264,934,0,1065,0,1,0,0,1,0,0,0,0,1,3,3,,3,,4,2,0
1,61,29,1,5,48,2,11,0,0,4,0,0,1,0,18,0,0,37,0,1036,0,0,2165,0,1,0,0,0,0,0,0,1,0,3,,,4,,4,2,0
2,67,47,1,19,69,3,12,0,0,3,1,0,1,0,49,27,0,10,0,3236,1838,0,690,0,1,0,0,0,1,1,1,1,0,4,3,,2,,4,3,0
3,41,42,1,12,26,4,5,0,0,4,0,0,0,0,11,0,0,0,0,482,0,0,0,0,1,0,0,1,0,0,1,0,0,2,,,,,3,2,0
1,30,28,0,1,20,1,8,0,1,1,0,0,0,0,12,0,0,0,0,369,0,0,0,0,0,0,0,0,0,0,0,0,0,3,,,,,3,1,1
1,24,46,0,12,43,2,6,0,0,1,1,0,1,1,12,48,0,33,28,308,1079,0,820,662,0,1,1,0,1,1,1,1,1,2,4,,3,3,4,4,0
1,72,75,0,37,33,1,44,1,1,1,1,0,1,0,49,32,0,26,0,3417,2254,0,1835,0,1,0,0,0,0,0,0,1,0,4,3,,3,,3,2,0
2,17,35,0,7,66,2,11,0,0,1,0,1,1,1,5,0,29,11,28,79,0,501,155,484,1,1,1,1,1,0,1,1,1,2,,3,2,3,4,4,1
2,65,72,0,46,12,2,0,1,0,1,0,0,1,0,30,0,0,18,0,1873,0,0,1160,0,1,0,0,0,0,1,1,1,0,3,,,3,,2,3,0
1,15,30,1,8,90,2,11,0,0,5,1,0,1,1,7,19,0,10,23,126,266,0,150,376,0,0,1,1,1,1,1,1,1,2,3,,2,3,4,4,0
1,34,33,0,8,35,3,2,0,1,1,0,0,0,0,8,0,0,0,0,258,0,0,0,0,1,0,0,0,0,0,0,0,0,2,,,,,4,2,1
1,26,43,0,23,51,5,4,0,1,1,0,1,0,0,8,0,22,0,0,268,0,598,0,0,1,0,0,1,0,0,0,0,0,2,,3,,,4,2,1
2,36,45,0,22,117,3,15,0,1,1,0,0,0,0,11,0,0,0,0,429,0,0,0,0,1,0,0,0,0,0,0,0,1,2,,,,,5,2,0
1,60,48,0,29,100,2,26,0,1,1,1,0,1,0,24,42,0,14,0,1568,2481,0,745,0,0,0,0,0,1,1,1,1,0,3,4,,3,,5,3,0
1,16,54,0,20,147,1,29,0,0,4,1,0,1,0,7,23,0,7,0,99,358,0,90,0,0,0,0,0,1,1,1,1,0,2,3,,2,,5,3,0
2,1,33,0,5,53,4,6,0,1,1,0,0,0,0,2,0,0,0,0,2,0,0,0,0,0,0,0,0,0,0,0,0,0,1,,,,,4,1,1
3,56,30,1,9,57,5,2,0,0,4,0,1,1,0,17,0,37,7,0,948,0,1984,365,0,1,1,0,1,0,0,0,0,1,3,,4,2,,4,2,0
2,6,50,0,5,37,2,0,0,0,1,0,1,0,0,5,0,24,0,0,38,0,131,0,0,1,0,0,0,0,0,0,0,1,2,,3,,,4,2,0
2,48,34,0,7,42,3,2,0,1,1,0,0,1,0,14,0,0,8,0,678,0,0,355,0,1,0,0,0,0,1,0,0,0,3,,,2,,4,2,0
2,34,36,1,17,50,1,4,0,0,2,1,0,1,0,10,25,0,14,0,327,824,0,405,0,0,0,0,0,1,1,1,1,0,2,3,,3,,4,3,0
2,54,42,1,0,55,4,2,0,0,5,1,1,1,1,14,56,62,19,84,695,3086,3278,1050,4139,1,1,1,1,1,1,1,1,1,3,4,4,3,4,4,4,1
3,38,31,1,2,42,2,7,0,1,4,1,0,1,0,11,22,0,9,0,408,773,0,335,0,0,1,1,0,1,1,1,1,0,2,3,,2,,4,4,0
2,25,55,0,15,37,1,7,0,1,1,0,0,0,0,11,0,0,0,0,303,0,0,0,0,0,0,0,0,0,0,0,0,0,2,,,,,4,1,1
1,47,69,1,17,228,3,39,0,1,4,1,1,1,1,11,36,38,21,51,464,1671,1767,1025,2405,1,1,1,1,1,1,1,1,1,2,4,4,3,4,5,4,1
1,72,62,1,35,163,5,31,0,0,2,1,1,1,1,28,33,45,40,57,2018,2276,3225,2845,4110,1,1,1,1,1,1,1,1,0,3,3,4,4,4,5,4,0
2,6,35,1,6,28,4,3,0,1,3,1,1,1,1,3,23,39,19,30,9,103,190,95,155,0,0,1,1,1,1,1,1,0,1,3,4,3,3,3,4,0
1,30,51,1,9,118,5,21,0,1,2,0,0,0,0,6,0,0,0,0,201,0,0,0,0,0,0,0,0,0,0,0,0,0,2,,,,,5,1,0
1,65,70,1,9,115,2,39,1,1,2,1,0,1,1,27,26,0,43,34,1750,1630,0,2865,2214,1,1,0,0,1,1,1,1,1,3,3,,4,4,5,4,0
1,22,44,1,19,37,4,1,0,0,2,1,0,1,0,14,35,0,19,0,333,702,0,370,0,1,1,0,0,1,1,1,1,0,3,4,,3,,4,3,0
1,60,53,0,32,93,1,28,0,0,1,1,0,1,0,13,40,0,21,0,806,2494,0,1260,0,0,0,0,0,1,1,1,1,0,3,4,,3,,5,3,0
2,19,32,0,12,71,4,5,0,1,1,1,1,1,1,5,22,62,17,48,97,419,1143,275,928,1,1,1,1,1,1,1,1,1,2,3,4,3,4,4,4,1
3,18,25,0,4,26,2,7,0,1,3,1,0,1,0,3,28,0,31,0,50,531,0,540,0,0,0,0,0,0,0,0,1,0,1,3,,3,,3,1,0
1,9,37,1,10,14,4,5,0,1,6,0,1,0,0,2,0,25,0,0,23,0,183,0,0,0,0,0,0,1,0,0,0,0,1,,3,,,3,1,1
1,1,34,1,6,18,1,0,0,1,2,0,0,0,0,2,0,0,0,0,2,0,0,0,0,0,0,0,1,0,0,0,0,0,0,,,,,3,1,1
3,10,28,1,2,36,4,0,0,1,3,1,1,0,1,6,20,27,0,23,68,175,239,0,205,0,1,1,1,1,1,1,1,1,2,3,3,,3,4,4,0
3,45,34,1,14,43,4,0,0,0,4,0,1,0,0,7,0,32,0,0,315,0,1446,0,0,1,0,0,1,0,0,0,0,1,2,,3,,,4,2,1
1,25,28,1,6,41,4,4,0,1,4,1,1,1,1,6,14,34,32,27,139,364,850,775,617,0,1,0,0,0,1,1,1,1,2,3,4,3,3,4,3,1
3,66,39,0,1,66,2,15,0,1,1,0,0,1,0,12,0,0,12,0,786,0,0,785,0,1,0,0,0,0,0,0,0,0,2,,,2,,4,2,0
1,27,67,0,1,33,4,19,1,1,1,1,1,1,0,4,18,32,12,0,137,482,808,320,0,1,1,0,0,0,1,1,1,0,1,3,3,2,,3,3,1
1,19,41,0,5,53,4,6,0,0,1,0,0,0,0,6,0,0,0,0,157,0,0,0,0,0,0,0,0,1,0,0,0,0,2,,,,,4,1,0
2,17,41,1,9,28,4,3,0,0,6,0,0,1,0,2,0,0,10,0,27,0,0,140,0,0,0,0,0,1,1,0,0,0,1,,,2,,3,1,0
2,16,36,0,13,58,4,4,0,0,1,1,1,0,0,5,18,32,0,0,90,286,478,0,0,0,0,0,0,0,1,1,0,1,2,3,3,,,4,1,0
1,8,42,1,2,129,4,17,0,1,3,0,0,0,0,6,0,0,0,0,64,0,0,0,0,0,0,0,1,0,0,0,1,1,2,,,,,5,1,0
1,3,25,0,0,65,4,0,0,1,1,0,1,1,0,3,0,34,11,0,6,0,48,5,0,0,1,0,1,1,1,0,1,1,1,,4,2,,4,4,1
3,59,57,0,26,311,3,36,0,1,1,0,0,1,0,29,0,0,8,0,1719,0,0,415,0,0,0,0,0,0,0,0,0,0,3,,,2,,6,1,0
2,45,37,0,2,57,3,14,0,1,1,0,1,0,0,11,0,25,0,0,509,0,1065,0,0,1,0,0,0,0,0,0,0,1,2,,3,,,4,2,0
1,66,62,0,31,47,2,4,0,1,1,1,0,1,0,34,21,0,20,0,2298,1425,0,1355,0,1,0,0,0,0,0,0,0,0,4,3,,3,,4,2,0
3,28,50,1,7,25,1,3,0,0,2,0,0,1,0,15,0,0,13,0,379,0,0,345,0,0,0,0,0,0,0,1,0,0,3,,,3,,3,1,0
1,15,38,1,11,46,5,11,0,0,3,0,0,0,0,4,0,0,0,0,56,0,0,0,0,0,0,0,0,1,0,0,0,0,1,,,,,4,1,1
3,39,34,1,10,51,3,13,0,1,4,1,0,1,1,8,79,0,35,39,304,3105,0,1390,1408,0,1,1,0,1,1,1,1,0,2,4,,4,4,4,4,0
3,38,33,0,4,19,2,5,0,1,2,1,0,0,0,9,14,0,0,0,324,590,0,0,0,0,0,0,0,1,1,0,0,0,2,3,,,,3,3,0
3,34,29,0,5,26,3,4,0,1,2,0,1,0,0,7,0,26,0,0,195,0,781,0,0,1,0,0,1,0,0,0,0,1,2,,3,,,3,2,0
3,60,57,1,18,72,5,30,1,0,2,1,1,1,1,20,29,50,21,56,1264,1807,3005,1140,3354,1,1,1,1,1,1,1,1,1,3,3,4,3,4,4,4,0
3,72,65,1,33,71,1,41,1,1,4,1,0,1,0,54,23,0,66,0,4037,1717,0,4585,0,1,0,0,0,1,1,1,0,0,4,3,,4,,4,3,0
1,42,42,1,9,41,2,13,0,0,8,1,0,0,0,15,29,0,0,0,597,1250,0,0,0,0,1,0,0,0,1,1,0,0,3,3,,,,4,3,0
3,32,37,0,9,44,2,7,0,0,1,0,0,0,0,11,0,0,0,0,359,0,0,0,0,0,0,0,0,0,0,0,1,1,2,,,,,4,1,0
3,48,50,1,4,208,4,19,0,1,2,1,1,1,1,13,23,43,12,41,653,1109,1914,570,1906,1,1,1,1,1,1,0,1,1,3,3,4,2,4,5,4,1
3,63,37,1,1,45,4,9,0,1,6,0,1,1,0,15,0,39,14,0,974,0,2383,820,0,1,1,0,1,0,0,0,0,1,3,,4,3,,4,2,0
3,45,27,1,3,39,3,2,0,0,4,0,0,0,0,13,0,0,0,0,584,0,0,0,0,1,0,0,0,0,0,1,0,0,3,,,,,4,2,0
2,68,42,0,16,89,4,12,0,0,1,0,1,1,0,26,0,33,16,0,1760,0,2200,1020,0,1,0,0,1,0,0,0,0,1,3,,3,3,,4,2,0
1,6,29,1,4,19,2,5,0,1,2,0,0,0,0,4,0,0,0,0,25,0,0,0,0,0,0,0,0,0,0,0,0,0,1,,,,,3,1,0
1,68,57,1,33,15,2,0,0,1,2,1,0,1,1,16,49,0,19,51,1120,3331,0,1320,3229,1,1,1,1,1,1,1,1,1,3,4,,3,4,3,4,1
3,72,68,1,26,59,2,36,1,1,2,1,1,1,1,59,24,38,20,49,4219,1818,2707,1335,3402,1,1,0,1,1,1,1,1,0,4,3,4,3,4,4,4,0
3,53,38,1,15,20,3,6,0,1,4,0,0,1,1,12,0,0,11,20,547,0,0,545,1048,1,0,0,1,0,1,1,0,1,2,,,2,3,3,2,0
3,20,51,1,11,27,4,6,0,0,3,1,0,1,0,9,25,0,12,0,183,490,0,215,0,0,0,0,0,1,1,1,1,1,2,3,,2,,3,3,0
2,70,35,1,4,48,2,9,0,0,3,0,0,1,0,44,0,0,30,0,3041,0,0,2020,0,1,0,0,0,0,0,0,1,0,4,,,3,,4,2,0
3,32,47,0,25,135,2,6,0,1,1,0,0,0,0,11,0,0,0,0,353,0,0,0,0,0,0,0,1,0,0,0,0,0,2,,,,,5,1,0
2,61,52,1,23,19,1,0,0,0,2,1,1,1,0,18,25,30,9,0,1038,1568,1758,570,0,1,0,0,0,1,1,1,1,0,3,3,3,2,,3,3,1
1,24,25,1,3,28,4,0,0,0,3,0,1,1,1,11,0,40,25,23,267,0,920,530,534,1,0,1,1,0,0,0,0,1,2,,4,3,3,3,2,0
2,56,61,1,14,12,1,16,1,1,2,0,0,1,0,17,0,0,11,0,882,0,0,595,0,0,0,0,0,0,0,0,0,0,3,,,2,,2,1,0
3,54,59,0,28,28,2,15,0,0,1,0,1,1,1,11,0,32,5,19,639,0,1718,290,894,1,0,0,1,1,0,0,1,0,2,,3,2,3,3,2,0
3,43,38,1,7,18,3,8,0,1,3,0,1,0,1,9,0,40,0,29,411,0,1759,0,1159,1,1,1,1,1,1,0,0,0,2,,4,,3,3,4,0
1,19,35,0,7,58,3,5,0,1,1,1,1,1,1,4,37,40,21,43,65,691,743,385,742,1,1,1,1,1,1,1,1,0,1,4,4,3,4,4,4,1
3,5,43,0,16,72,3,17,0,1,1,1,0,1,0,6,16,0,7,0,24,62,0,25,0,0,0,0,0,1,1,1,1,0,2,3,,2,,4,3,0
1,24,61,1,6,112,4,3,0,1,4,0,0,1,0,8,0,0,11,0,210,0,0,265,0,0,0,0,1,0,0,0,0,1,2,,,2,,5,1,1
3,62,35,1,2,28,2,8,0,1,2,0,0,1,0,18,0,0,19,0,1153,0,0,1150,0,1,0,0,0,0,0,0,0,0,3,,,3,,3,2,0
2,14,40,0,13,398,5,11,0,1,1,1,1,1,1,6,18,43,24,48,71,259,598,295,644,1,1,1,1,1,1,1,1,1,2,3,4,3,4,6,4,1
3,60,48,1,22,106,3,21,0,1,3,1,0,1,1,13,44,0,17,70,761,2602,0,1050,4155,1,1,1,0,1,1,1,1,0,3,4,,3,4,5,4,0
2,30,74,1,12,10,1,3,1,1,2,1,0,1,0,7,30,0,17,0,225,906,0,585,0,0,0,0,0,1,1,1,1,0,2,3,,3,,2,3,0
1,40,42,1,16,108,3,17,0,0,4,0,1,0,0,5,0,30,0,0,206,0,1151,0,0,1,0,0,1,0,0,0,0,1,2,,3,,,5,2,1
2,42,50,1,17,85,2,15,0,1,4,0,0,1,0,14,0,0,12,0,568,0,0,485,0,0,0,0,0,0,0,0,0,0,3,,,2,,4,1,0
1,20,34,0,14,51,3,9,0,1,1,0,0,0,0,6,0,0,0,0,126,0,0,0,0,1,0,0,1,0,0,0,0,0,2,,,,,4,2,1
1,4,22,1,1,22,2,2,0,1,3,0,0,1,0,2,0,0,24,0,8,0,0,85,0,0,0,0,0,1,0,1,1,0,1,,,3,,3,3,0
2,44,49,1,2,66,2,8,0,1,4,1,0,1,1,4,43,0,39,40,185,1980,0,1655,1656,1,1,1,0,1,1,1,1,0,1,4,,4,4,4,4,0
3,49,63,0,18,10,2,2,1,0,1,1,0,1,0,14,33,0,13,0,669,1625,0,615,0,0,0,0,0,1,1,1,1,0,3,4,,3,,2,3,0
3,5,36,1,2,34,1,4,0,1,2,1,0,0,0,4,20,0,0,0,14,106,0,0,0,0,0,0,0,1,0,1,1,0,1,3,,,,4,3,1
3,70,50,1,29,67,1,22,0,0,4,0,0,1,0,52,0,0,16,0,3438,0,0,1075,0,1,0,0,0,0,0,0,0,0,4,,,3,,4,2,0
1,30,57,1,16,19,1,1,0,0,4,0,0,1,0,7,0,0,9,0,200,0,0,285,0,0,0,0,0,0,0,0,0,0,2,,,2,,3,1,1
2,28,48,0,20,128,4,4,0,1,1,1,1,1,1,10,21,54,27,55,313,591,1481,710,1424,0,1,1,1,1,1,1,1,1,2,3,4,3,4,5,4,1
1,5,28,1,3,39,5,1,0,0,6,1,1,1,1,5,24,45,17,33,31,132,184,60,106,1,1,1,1,1,1,1,1,0,2,3,4,3,3,4,4,0
2,27,35,0,12,56,1,3,0,1,1,1,1,1,1,8,33,36,11,34,203,898,903,205,806,0,1,1,0,1,1,1,1,1,2,3,4,2,4,4,4,0
2,17,39,0,12,45,4,10,0,1,1,0,1,0,0,9,0,29,0,0,133,0,450,0,0,0,0,0,0,0,0,0,0,1,2,,3,,,4,1,1
1,4,37,1,8,25,1,1,0,1,5,0,0,0,0,3,0,0,0,0,9,0,0,0,0,0,0,0,0,0,0,0,0,0,1,,,,,3,1,0
1,30,23,1,0,24,2,1,0,1,4,1,0,0,0,13,23,0,0,0,397,636,0,0,0,0,0,0,1,1,1,0,1,0,3,3,,,,3,3,0
3,71,40,1,19,53,4,14,0,1,2,1,0,1,1,10,40,0,28,38,782,2912,0,2030,2591,1,0,1,1,1,1,1,1,0,2,4,,3,4,4,4,0
3,67,77,0,55,49,1,45,1,1,1,0,0,1,0,25,0,0,27,0,1692,0,0,1755,0,0,0,0,0,0,1,0,0,0,3,,,3,,4,1,0
3,24,48,1,3,38,1,16,0,1,2,0,0,1,0,6,0,0,11,0,133,0,0,265,0,0,0,0,0,0,0,0,0,0,2,,,2,,4,1,0
1,24,54,1,7,84,3,10,0,1,2,0,1,1,0,11,0,29,11,0,288,0,675,220,0,0,0,0,1,0,0,0,0,1,2,,3,2,,4,1,1
2,59,54,0,32,126,1,22,0,1,1,1,0,1,0,14,29,0,12,0,796,1625,0,660,0,0,0,0,0,1,1,1,1,0,3,3,,2,,5,3,0
3,59,32,0,9,73,4,5,0,0,1,1,0,1,0,29,22,0,13,0,1727,1232,0,655,0,1,0,0,0,1,1,0,0,1,3,3,,3,,4,2,1
3,44,37,1,1,41,4,8,0,1,6,0,0,0,0,9,0,0,0,0,388,0,0,0,0,1,1,0,1,0,0,0,0,1,2,,,,,4,2,0
1,19,31,1,0,22,4,2,0,0,3,0,0,0,0,5,0,0,0,0,89,0,0,0,0,1,0,0,0,0,0,0,0,0,2,,,,,3,2,1
2,58,46,1,23,23,1,2,0,1,2,0,1,1,0,11,0,26,11,0,621,0,1471,625,0,0,0,0,1,0,0,0,0,0,2,,3,2,,3,1,0
1,41,53,1,22,94,2,25,0,0,2,0,0,1,0,13,0,0,12,0,488,0,0,500,0,1,0,0,0,0,0,0,1,0,3,,,2,,5,2,0
2,16,33,0,1,30,3,7,0,0,4,1,1,1,1,9,21,41,18,41,139,282,634,265,595,0,1,0,0,1,1,1,1,0,2,3,4,3,4,3,3,1
3,13,36,0,11,31,2,0,0,0,1,0,0,0,0,2,0,0,0,0,31,0,0,0,0,0,0,0,0,0,0,0,1,0,1,,,,,3,1,1
1,60,53,0,22,171,1,37,0,1,1,1,0,1,0,10,32,0,18,0,609,1972,0,1070,0,0,0,0,0,1,1,1,1,0,2,3,,3,,5,3,0
2,72,49,1,23,102,1,27,0,1,6,0,0,1,0,41,0,0,33,0,3099,0,0,2345,0,1,0,0,0,0,0,0,0,0,4,,,4,,5,2,0
2,33,39,0,17,27,4,3,0,1,1,1,1,1,1,10,22,42,9,62,295,680,1342,255,2020,1,1,1,1,0,1,0,0,1,2,3,4,2,4,3,4,0
2,72,45,1,25,98,4,20,0,1,2,0,0,1,1,30,0,0,13,43,2183,0,0,900,2940,1,1,1,0,1,1,1,1,0,3,,,3,4,5,4,0
1,66,54,1,8,591,4,25,0,1,2,1,1,1,1,25,34,45,16,53,1636,2243,2816,1005,3539,1,1,1,0,1,1,1,1,0,3,4,4,3,4,6,4,0
3,53,37,1,7,25,1,2,0,1,6,1,0,1,0,5,52,0,34,0,292,2795,0,1660,0,0,0,0,0,1,1,1,1,0,2,4,,4,,3,3,0
2,22,28,1,0,36,4,0,0,0,4,1,1,1,1,10,22,40,10,43,221,480,857,175,883,1,0,1,1,1,1,1,1,1,2,3,4,2,4,4,4,0
2,14,26,1,1,25,2,0,0,1,3,0,0,0,0,4,0,0,0,0,71,0,0,0,0,0,0,0,0,1,0,1,0,0,1,,,,,3,3,0
1,52,49,0,18,69,2,13,0,1,2,0,0,1,1,18,0,0,19,35,893,0,0,935,1712,0,0,0,0,1,1,1,1,0,3,,,3,4,4,3,0
3,33,30,1,5,22,1,0,0,0,2,1,0,1,1,6,34,0,37,30,211,1129,0,1215,947,0,0,1,0,1,1,1,1,0,2,4,,4,3,3,3,0
3,72,66,0,26,67,2,37,1,1,1,1,0,1,0,39,65,0,40,0,2744,4748,0,2830,0,1,0,0,0,1,1,1,1,0,4,4,,4,,4,3,0
1,40,40,1,3,73,4,12,0,1,4,0,0,1,1,10,0,0,14,27,377,0,0,555,1036,1,1,0,0,1,1,1,1,0,2,,,3,3,4,3,1
2,29,26,0,1,22,4,2,0,1,1,0,1,1,1,6,0,47,24,36,175,0,1266,710,966,1,1,1,1,1,0,1,1,1,2,,4,3,4,3,4,1
3,63,67,0,22,9,2,12,1,0,1,0,0,1,0,18,0,0,19,0,1140,0,0,1135,0,0,0,0,0,1,1,1,1,0,3,,,3,,2,3,0
2,56,54,0,25,147,3,31,0,1,1,1,1,1,1,13,25,39,24,34,763,1348,2108,1310,1849,1,0,1,1,1,0,0,0,1,3,3,4,3,4,5,2,0
3,60,50,1,26,239,2,19,0,1,2,1,0,1,1,22,78,0,10,64,1377,4629,0,570,3756,0,1,1,0,1,1,1,1,0,3,4,,2,4,5,4,0
3,28,22,1,3,23,3,1,0,0,5,0,0,0,0,11,0,0,0,0,264,0,0,0,0,0,0,0,0,1,0,0,0,1,2,,,,,3,1,0
2,39,39,0,19,29,4,6,0,0,1,0,0,1,0,6,0,0,21,0,228,0,0,835,0,1,0,0,1,0,0,0,1,0,2,,,3,,3,2,0
3,65,39,1,18,32,2,15,0,0,4,0,0,1,0,21,0,0,10,0,1433,0,0,585,0,0,0,0,0,1,0,1,0,0,3,,,2,,3,3,0
3,29,31,0,7,30,3,7,0,1,1,1,0,1,0,8,34,0,15,0,241,938,0,395,0,0,0,1,0,1,1,1,1,0,2,4,,3,,3,3,0
3,28,36,0,8,57,2,13,0,1,2,1,0,1,0,10,22,0,17,0,273,608,0,435,0,0,0,0,0,1,1,1,1,0,2,3,,3,,4,3,0
1,2,18,0,0,20,2,0,0,0,1,1,0,1,1,4,22,0,24,27,4,45,0,15,26,0,0,1,0,1,1,1,1,0,1,3,,3,3,3,3,1
3,67,52,0,13,248,2,20,0,1,3,1,1,1,0,36,40,34,22,0,2369,2523,2171,1435,0,1,0,0,0,1,0,1,1,0,4,4,4,3,,6,3,0
3,5,35,1,9,59,3,8,0,1,5,1,1,1,1,3,19,38,23,26,21,115,140,120,110,0,0,1,1,1,1,0,0,1,1,3,4,3,3,4,4,0
3,48,35,0,10,24,2,6,0,0,1,1,0,1,0,17,43,0,29,0,874,2007,0,1270,0,0,0,0,0,1,0,1,1,0,3,4,,3,,3,3,0
2,10,26,1,4,25,1,4,0,1,3,0,0,0,0,4,0,0,0,0,38,0,0,0,0,0,0,0,0,0,0,0,0,0,1,,,,,3,1,0
2,17,28,0,3,37,3,2,0,1,1,0,0,0,0,6,0,0,0,0,84,0,0,0,0,1,0,0,0,0,0,1,1,0,2,,,,,4,3,1
1,21,24,1,0,30,4,0,0,1,5,1,1,1,1,18,24,36,11,32,374,514,739,205,642,1,1,0,1,0,1,1,0,1,3,3,4,2,3,3,4,0
2,25,51,0,9,66,4,13,0,0,2,1,1,1,1,6,16,48,31,35,141,416,1203,790,828,1,1,1,1,1,1,1,1,1,2,3,4,3,4,4,4,0
3,44,31,0,8,16,1,3,0,0,1,0,0,1,0,14,0,0,12,0,633,0,0,490,0,0,0,0,0,0,0,0,0,0,3,,,2,,3,1,1
2,59,49,0,28,429,4,23,0,1,2,1,1,1,1,10,24,43,16,43,592,1525,2445,885,2451,1,0,1,0,1,0,1,1,1,2,3,4,3,4,6,4,1
2,11,26,0,7,20,2,4,0,0,1,0,0,0,0,7,0,0,0,0,84,0,0,0,0,0,0,0,0,0,0,0,0,0,2,,,,,3,1,0
2,50,68,1,32,262,3,28,0,0,2,1,1,1,1,12,21,41,18,25,601,994,2025,870,1217,0,0,0,1,1,0,1,1,1,3,3,4,3,3,6,3,0
3,23,25,1,2,28,3,1,0,1,5,0,0,0,0,4,0,0,0,0,94,0,0,0,0,1,0,0,0,0,0,0,0,0,1,,,,,3,2,0
1,17,19,0,0,18,2,0,0,1,2,0,1,0,0,7,0,25,0,0,120,0,402,0,0,1,0,0,1,0,0,0,0,1,2,,3,,,3,2,1
1,15,62,1,3,144,3,21,0,0,2,1,0,1,1,5,16,0,32,34,81,238,0,490,446,0,1,0,0,1,1,1,1,0,2,3,,3,4,5,3,0
2,68,57,1,38,33,1,9,0,1,2,0,0,1,0,14,0,0,19,0,901,0,0,1240,0,1,0,0,0,0,0,0,0,0,3,,,3,,3,2,0
1,69,42,1,23,19,3,0,0,1,2,0,1,1,0,26,0,37,19,0,1812,0,2631,1270,0,0,0,0,1,0,0,0,0,1,3,,4,3,,3,1,0
1,30,24,1,3,30,1,7,0,1,5,0,0,0,0,7,0,0,0,0,172,0,0,0,0,0,0,0,0,0,0,0,0,0,2,,,,,3,1,1
3,22,30,0,8,41,2,8,0,0,1,1,0,1,1,6,23,0,13,21,120,441,0,290,467,0,1,0,0,1,1,0,1,0,2,3,,3,3,4,3,0
2,10,20,1,1,20,2,0,0,1,4,0,0,0,0,6,0,0,0,0,49,0,0,0,0,0,0,0,0,0,0,0,0,0,2,,,,,3,1,1
1,72,59,1,12,65,3,21,0,1,6,0,1,1,0,35,0,36,41,0,2519,0,2584,2910,0,1,0,0,0,1,0,0,0,0,4,,4,4,,4,2,0
2,34,24,1,5,17,4,0,0,1,2,0,0,1,0,15,0,0,5,0,522,0,0,150,0,0,0,0,0,1,0,0,1,0,3,,,2,,3,3,0
2,43,49,1,18,66,1,22,0,0,4,0,0,1,0,9,0,0,21,0,377,0,0,875,0,1,0,0,0,0,1,0,1,0,2,,,3,,4,3,0
3,31,37,1,15,18,4,5,0,0,3,1,1,1,1,5,20,47,16,40,152,611,1458,460,1170,0,1,1,1,1,0,1,0,1,2,3,4,3,4,3,4,0
2,6,27,1,5,26,4,2,0,0,5,1,0,0,0,6,12,0,0,0,30,73,0,0,0,0,0,0,0,0,0,0,0,0,2,2,,,,3,1,1
2,48,42,0,21,46,4,4,0,0,1,0,0,1,0,14,0,0,42,0,618,0,0,1935,0,0,0,0,0,0,1,1,0,0,3,,,4,,4,3,0
2,50,25,0,6,19,1,5,0,0,3,0,0,1,0,7,0,0,8,0,356,0,0,375,0,0,0,0,0,0,0,0,0,0,2,,,2,,3,1,0
3,20,41,1,19,58,2,6,0,1,2,0,0,0,0,5,0,0,0,0,98,0,0,0,0,1,0,0,0,0,0,0,0,0,2,,,,,4,2,0
3,61,73,0,10,25,1,21,1,0,1,0,0,1,0,17,0,0,71,0,966,0,0,4350,0,0,0,0,0,0,0,0,0,0,3,,,4,,3,1,0
2,6,21,0,0,15,2,1,0,1,1,0,0,0,0,4,0,0,0,0,19,0,0,0,0,0,0,0,0,0,0,0,0,0,1,,,,,3,1,0
2,1,22,0,2,35,2,2,0,0,1,0,0,0,0,2,0,0,0,0,2,0,0,0,0,0,0,0,1,0,0,0,0,1,1,,,,,4,1,1
1,21,43,0,13,41,2,1,0,1,1,1,1,1,1,6,24,45,12,37,118,497,879,195,764,1,1,1,1,1,1,1,1,1,2,3,4,3,4,4,4,1
3,7,32,0,1,71,4,3,0,0,2,1,1,0,1,4,15,41,0,28,19,122,246,0,157,1,0,1,1,1,1,1,1,1,1,3,4,,3,4,4,0
3,65,56,1,19,608,3,34,0,1,2,1,0,1,1,15,70,0,20,68,965,4585,0,1300,4326,0,1,1,0,1,1,1,1,0,3,4,,3,4,6,4,0
1,64,37,0,10,44,4,9,0,1,1,0,1,1,0,16,0,35,22,0,965,0,2337,1350,0,1,1,0,0,0,0,1,0,1,3,,4,3,,4,2,0
3,4,30,0,0,41,2,0,0,0,2,0,0,0,0,2,0,0,0,0,10,0,0,0,0,0,0,0,0,1,1,1,0,0,1,,,,,4,3,1
1,67,45,1,22,83,3,11,0,1,2,0,0,1,0,27,0,0,11,0,1725,0,0,640,0,1,0,0,0,0,0,1,0,1,3,,,2,,4,2,0
2,22,35,0,12,28,2,3,0,0,2,0,0,0,0,7,0,0,0,0,181,0,0,0,0,1,0,1,1,0,0,0,0,0,2,,,,,3,2,1
3,51,37,1,17,101,2,10,0,1,2,0,0,1,0,15,0,0,10,0,737,0,0,480,0,1,0,0,0,0,1,1,0,0,3,,,2,,5,3,0
1,50,28,0,6,28,1,10,0,1,1,1,1,1,1,6,17,37,13,22,331,852,1869,600,997,1,0,0,0,0,1,1,1,0,2,3,4,3,3,3,3,0
1,31,47,1,18,35,2,0,0,0,2,0,0,0,0,12,0,0,0,0,391,0,0,0,0,0,0,0,0,0,0,0,0,0,2,,,,,4,1,0
3,4,28,0,0,39,2,3,0,1,1,1,0,1,0,7,15,0,13,0,24,70,0,25,0,0,0,0,0,1,1,1,0,0,2,3,,3,,4,3,1
3,60,56,0,19,51,4,11,0,0,1,0,1,1,1,15,0,57,29,67,874,0,3404,1630,4046,1,1,1,1,1,1,1,1,1,3,,4,3,4,4,4,0
3,7,31,1,12,31,2,7,0,1,6,0,0,0,0,5,0,0,0,0,38,0,0,0,0,0,0,0,0,0,0,0,0,1,2,,,,,3,1,1
3,20,40,0,2,209,4,15,0,1,1,0,0,1,0,7,0,0,5,0,172,0,0,80,0,1,0,0,0,0,0,0,0,1,2,,,2,,5,2,0
2,19,23,1,4,37,3,1,0,1,4,1,1,0,0,8,18,25,0,0,136,303,446,0,0,0,0,0,0,1,1,0,1,0,2,3,3,,,4,3,1
3,58,37,1,5,64,4,8,0,1,2,1,1,1,1,11,59,63,38,110,635,3526,3521,2305,6445,1,1,1,1,1,1,1,1,1,2,4,4,4,5,4,4,1
3,65,64,0,20,88,3,26,0,1,1,1,1,1,1,15,36,40,24,49,1018,2202,2534,1620,3243,1,1,1,1,1,1,1,1,1,3,4,4,3,4,4,4,1
3,72,61,1,34,61,1,8,0,0,3,0,0,1,0,27,0,0,13,0,1980,0,0,895,0,1,0,0,0,0,0,0,0,0,3,,,3,,4,2,0
3,8,42,0,3,66,3,10,0,0,1,0,0,1,1,2,0,0,28,22,17,0,0,185,158,0,1,0,1,1,1,1,1,1,1,,,3,3,4,4,0
2,33,40,1,14,19,3,5,0,0,2,0,0,1,0,5,0,0,9,0,179,0,0,315,0,0,0,0,0,0,0,0,0,0,2,,,2,,3,1,0
3,18,34,1,4,42,2,14,0,1,5,1,0,1,0,6,19,0,17,0,104,319,0,240,0,0,1,1,0,1,1,1,1,0,2,3,,3,,4,4,0
2,24,31,1,6,41,2,13,0,0,5,1,0,1,0,9,20,0,13,0,197,481,0,275,0,0,0,0,0,1,1,1,0,0,2,3,,3,,4,3,0
3,70,36,0,8,50,1,15,0,1,1,0,0,1,0,21,0,0,21,0,1407,0,0,1370,0,1,0,0,0,0,0,0,0,0,3,,,3,,4,2,0
1,7,38,0,4,70,4,4,0,0,1,1,1,1,1,4,19,38,7,18,27,128,250,40,130,1,1,1,1,0,1,0,0,1,1,3,4,2,3,4,4,1
3,70,59,0,27,85,1,19,0,1,1,1,0,1,0,39,63,0,62,0,2711,4387,0,4220,0,0,0,0,0,1,1,1,1,0,4,4,,4,,4,3,0
2,20,48,1,21,45,3,2,0,1,2,1,0,1,1,11,33,0,28,29,192,646,0,480,528,1,1,0,0,1,1,1,1,0,2,3,,3,3,4,3,1
3,54,32,1,12,27,1,9,0,0,2,0,0,1,0,34,0,0,24,0,1801,0,0,1300,0,1,0,0,0,0,0,0,0,0,4,,,3,,3,2,0
3,36,48,0,28,29,1,2,0,0,1,0,0,0,0,6,0,0,0,0,223,0,0,0,0,0,0,0,0,0,0,0,0,0,2,,,,,3,1,0
3,71,53,1,29,48,4,0,0,1,2,1,0,1,0,35,29,0,36,0,2506,2075,0,2560,0,1,0,0,0,0,1,1,1,0,4,3,,4,,4,3,0
1,17,41,0,4,32,2,3,0,0,1,1,0,1,0,13,10,0,7,0,208,168,0,100,0,0,0,0,0,1,0,1,0,0,3,2,,2,,3,3,0
1,18,45,1,17,43,1,9,0,0,3,1,0,1,0,4,17,0,14,0,79,287,0,245,0,0,0,0,0,1,1,1,0,0,1,3,,3,,4,3,0
1,16,27,0,8,16,5,0,0,1,1,1,1,1,1,5,18,45,14,34,103,282,676,235,524,0,0,1,0,1,1,1,1,1,2,3,4,3,4,3,4,1
3,38,30,1,6,22,2,3,0,1,2,0,0,1,0,6,0,0,12,0,215,0,0,455,0,1,0,0,1,0,0,0,0,1,2,,,3,,3,2,0
1,52,45,1,19,40,3,9,0,1,3,0,1,1,1,8,0,34,15,34,513,0,1794,705,1741,1,1,0,1,0,0,1,1,1,2,,4,3,4,4,4,0
1,46,48,1,12,256,3,25,0,0,6,1,1,1,1,14,32,44,19,66,613,1449,1962,835,3065,1,1,1,1,1,1,1,1,0,3,3,4,3,4,6,4,0
2,31,46,0,23,144,4,13,0,0,1,1,0,1,0,8,15,0,10,0,272,501,0,290,0,0,0,0,1,1,1,1,0,1,2,3,,2,,5,3,0
2,23,31,0,10,45,4,0,0,0,2,1,0,0,0,5,12,0,0,0,120,275,0,0,0,1,0,0,1,0,0,0,0,1,2,2,,,,4,2,0
2,38,56,1,34,34,2,0,0,1,3,0,0,0,1,8,0,0,0,25,273,0,0,0,888,1,0,0,1,1,1,1,1,0,2,,,,3,4,3,0
2,50,54,0,15,248,3,28,0,1,1,1,0,1,1,11,17,0,6,29,498,834,0,270,1454,1,0,0,0,1,1,1,0,0,2,3,,2,3,6,3,0
2,16,49,0,17,41,2,5,0,0,1,1,1,0,1,4,14,39,0,32,62,260,620,0,521,0,1,1,1,0,0,1,0,0,1,3,4,,3,4,4,0
2,14,34,1,4,27,4,1,0,1,2,1,1,1,1,6,24,36,21,38,90,314,454,260,474,0,1,1,1,1,0,1,1,1,2,3,4,3,4,3,4,0
2,30,52,0,23,17,3,3,0,1,1,0,1,1,0,10,0,38,15,0,367,0,1106,420,0,1,0,0,1,0,0,0,0,0,2,,4,3,,3,2,1
3,22,47,1,0,44,4,11,0,1,3,1,1,1,1,9,21,51,57,57,195,467,1053,1220,1264,1,1,1,1,1,1,1,1,1,2,3,4,4,4,4,4,1
1,38,55,1,12,135,2,24,0,0,4,1,0,1,0,12,32,0,16,0,468,1168,0,595,0,1,1,1,1,1,1,1,1,1,2,3,,3,,5,4,0
3,59,26,1,3,41,4,1,0,1,3,0,1,1,1,13,0,35,47,29,804,0,2099,2710,1707,1,0,0,1,0,0,0,0,0,3,,4,4,3,4,2,1
2,54,55,0,1,587,3,33,0,0,1,0,0,0,0,13,0,0,0,0,651,0,0,0,0,0,1,0,0,1,1,1,1,0,3,,,,,6,3,0
3,9,40,0,13,38,4,7,0,1,1,1,1,1,1,3,21,42,18,60,38,180,329,125,482,0,1,1,1,1,1,1,1,1,1,3,4,3,4,4,4,1
1,67,67,1,38,49,2,10,0,1,2,0,1,1,0,14,0,29,25,0,925,0,1963,1675,0,1,0,0,1,0,0,0,0,1,3,,3,3,,4,2,0
2,24,44,0,19,33,3,0,0,1,2,0,1,0,0,5,0,27,0,0,101,0,568,0,0,0,0,0,0,0,0,0,1,1,2,,3,,,3,1,0
2,12,55,1,13,36,1,5,0,1,2,0,1,0,0,6,0,27,0,0,73,0,301,0,0,1,0,0,1,0,0,0,0,0,2,,3,,,4,2,1
1,26,47,0,13,54,3,0,0,0,1,1,1,1,1,7,16,39,18,24,205,485,947,435,548,1,1,0,1,0,0,0,1,1,2,3,4,3,3,4,2,0
2,3,32,0,4,58,2,11,0,0,4,1,1,1,1,3,16,30,9,29,6,50,51,15,68,1,1,1,0,0,0,1,0,1,1,3,3,2,3,4,4,1
2,20,46,0,2,23,5,4,0,1,2,0,0,0,0,5,0,0,0,0,82,0,0,0,0,1,1,0,1,1,1,1,0,1,2,,,,,3,4,0
3,5,52,1,0,97,5,9,0,0,2,1,1,1,1,3,17,35,26,40,13,83,127,115,163,0,1,1,1,1,1,1,1,0,1,3,4,3,4,5,4,1
3,58,53,0,19,207,3,12,0,1,1,1,1,1,1,7,30,51,22,63,447,1654,2987,1250,3613,1,1,1,1,1,1,1,1,1,2,3,4,3,4,5,4,1
1,54,28,1,2,21,3,3,0,0,4,0,0,1,0,10,0,0,26,0,568,0,0,1395,0,0,0,0,0,0,0,0,0,0,2,,,3,,3,1,0
2,52,39,0,6,119,3,18,0,1,1,1,0,1,0,11,25,0,8,0,557,1281,0,450,0,0,0,1,0,0,0,0,0,1,2,3,,2,,5,1,0
2,38,30,1,10,25,1,5,0,1,4,0,0,1,0,4,0,0,12,0,180,0,0,430,0,0,0,0,0,0,0,0,0,0,1,,,2,,3,1,0
2,19,46,0,5,59,3,17,0,0,1,1,0,0,0,6,9,0,0,0,97,191,0,0,0,0,0,0,0,1,0,0,1,0,2,2,,,,4,1,0
2,22,33,1,2,24,1,3,0,0,4,0,0,0,0,7,0,0,0,0,153,0,0,0,0,0,0,0,0,0,0,0,0,1,2,,,,,3,1,0
1,49,35,1,15,113,4,4,0,0,5,0,0,0,0,16,0,0,0,0,818,0,0,0,0,1,0,0,0,0,0,0,0,1,3,,,,,5,2,0
3,5,39,0,0,22,1,0,0,1,2,1,0,1,0,5,19,0,9,0,33,107,0,30,0,0,0,0,0,1,1,1,1,0,2,3,,2,,3,3,0
2,18,69,0,28,11,1,17,1,0,1,0,0,0,0,4,0,0,0,0,63,0,0,0,0,0,0,0,0,0,0,0,0,0,1,,,,,2,1,0
3,43,29,0,4,33,1,13,0,1,4,1,0,1,1,22,19,0,8,25,1043,831,0,345,1124,1,0,0,0,1,1,1,1,0,3,3,,2,3,3,3,0
3,17,50,0,2,205,5,19,0,0,1,1,1,0,1,7,21,38,0,37,121,371,524,0,620,1,1,1,1,0,1,1,1,1,2,3,4,,4,5,4,1
2,37,33,0,4,41,3,8,0,1,3,0,1,0,0,9,0,30,0,0,347,0,1159,0,0,1,0,0,0,1,0,0,0,1,2,,3,,,4,2,1
2,8,39,0,0,39,1,7,0,1,1,1,0,0,0,3,11,0,0,0,29,84,0,0,0,0,0,0,0,0,0,0,0,0,1,2,,,,4,1,0
2,51,46,1,8,107,2,21,0,1,6,1,0,1,1,17,26,0,23,37,840,1397,0,1155,1832,1,0,1,0,1,1,1,1,0,3,3,,3,4,5,3,0
1,71,55,1,11,198,1,31,0,1,3,1,0,1,0,18,44,0,32,0,1218,3059,0,2305,0,1,1,0,0,1,1,1,1,0,3,4,,3,,5,3,0
1,56,53,1,23,100,5,14,0,1,2,0,1,1,0,14,0,34,10,0,753,0,1989,560,0,1,1,0,1,0,0,0,0,1,3,,4,2,,5,2,0
3,70,68,0,21,1131,2,45,0,0,1,1,0,1,1,15,58,0,15,40,1104,3927,0,990,2798,1,0,1,0,1,1,1,1,0,3,4,,3,4,7,3,0
1,62,53,0,14,360,3,26,0,1,2,1,0,1,0,32,53,0,17,0,1893,3232,0,890,0,1,0,0,0,1,1,1,1,0,3,4,,3,,6,3,0
1,50,52,1,22,162,2,27,0,1,2,1,1,1,1,13,24,49,14,43,599,1238,2498,725,2032,1,1,1,0,1,1,1,1,1,3,3,4,3,4,5,4,0
3,1,31,0,3,29,5,2,0,1,3,0,1,0,0,1,0,25,0,0,1,0,25,0,0,0,0,0,1,0,0,0,0,1,0,,3,,,3,1,1
3,15,26,0,1,38,4,1,0,0,2,0,1,0,0,7,0,35,0,0,92,0,484,0,0,1,1,0,1,1,0,1,0,1,2,,4,,,4,4,1
3,72,55,1,24,82,3,25,0,1,2,0,1,1,0,62,0,36,65,0,4333,0,2477,4915,0,1,0,0,0,1,1,0,0,1,4,,4,4,,4,2,0
2,69,47,1,10,159,2,24,0,0,4,0,0,1,0,25,0,0,36,0,1715,0,0,2470,0,0,0,0,0,1,0,1,0,0,3,,,4,,5,3,1
2,32,44,0,10,201,2,24,0,0,1,1,0,1,0,8,28,0,19,0,238,895,0,595,0,0,0,1,0,1,1,1,1,0,2,3,,3,,5,3,0
1,19,25,1,6,27,4,0,0,1,2,1,0,1,0,10,21,0,35,0,173,399,0,620,0,0,1,0,0,1,1,1,1,0,2,3,,4,,3,3,1
2,42,54,0,19,57,3,10,0,1,1,0,1,1,1,9,0,47,12,48,356,0,1873,415,1932,1,1,0,1,1,0,0,1,1,2,,4,2,4,4,4,0
3,51,49,0,29,45,1,16,0,0,1,0,0,1,0,16,0,0,9,0,815,0,0,400,0,0,0,0,0,0,1,0,0,0,3,,,2,,4,1,0
2,32,22,1,2,17,2,2,0,1,4,1,0,1,0,5,28,0,19,0,157,953,0,600,0,0,1,0,0,1,1,1,1,0,2,3,,3,,3,3,1
3,26,55,1,13,61,1,26,0,0,2,1,0,1,0,4,29,0,12,0,102,729,0,300,0,0,0,0,0,1,1,1,1,0,1,3,,2,,4,3,0
2,39,44,1,14,418,4,18,0,0,2,1,0,1,0,7,28,0,18,0,269,1046,0,640,0,0,1,1,0,1,1,1,1,0,2,3,,3,,6,4,0
2,72,53,0,12,152,2,32,0,1,1,1,0,1,1,43,51,0,19,45,3115,3669,0,1315,3120,1,0,1,1,1,1,1,0,0,4,4,,3,4,5,4,0
2,4,39,0,11,38,4,1,0,0,2,1,0,1,1,3,23,0,14,30,9,103,0,40,77,0,1,1,1,1,1,1,1,0,1,3,,3,3,4,4,1
2,54,50,1,5,151,4,20,0,0,3,1,0,1,1,22,40,0,26,22,1248,2030,0,1355,1121,1,0,0,0,1,1,1,1,0,3,4,,3,3,5,3,0
1,34,40,1,21,23,4,9,0,1,3,1,1,1,1,6,26,45,17,38,208,806,1499,540,1258,1,0,1,1,1,1,1,1,1,2,3,4,3,4,3,4,0
1,20,25,1,4,33,4,0,0,1,3,1,0,1,1,5,16,0,19,27,116,289,0,365,511,0,0,0,1,1,0,1,0,1,2,3,,3,3,3,1,0
3,14,49,0,4,26,1,8,0,0,1,0,0,1,0,7,0,0,15,0,87,0,0,180,0,0,0,0,0,0,0,0,0,0,2,,,3,,3,1,0
1,61,59,0,26,89,1,40,1,1,1,1,0,1,0,17,35,0,29,0,989,2167,0,1805,0,0,0,0,0,1,1,0,1,0,3,4,,3,,4,3,0
2,4,24,0,2,25,4,0,0,0,1,0,0,1,0,4,0,0,16,0,12,0,0,35,0,0,1,0,1,0,1,0,0,0,1,,,3,,3,1,1
3,16,48,0,25,59,2,13,0,0,2,1,0,1,0,8,20,0,14,0,105,349,0,180,0,0,0,0,0,1,1,1,1,0,2,3,,3,,4,3,1
1,13,41,0,9,55,2,12,0,1,3,0,0,0,0,5,0,0,0,0,56,0,0,0,0,0,0,0,0,0,0,0,0,1,2,,,,,4,1,0
2,53,37,1,18,25,3,6,0,1,2,0,1,1,0,10,0,29,24,0,558,0,1533,1170,0,1,0,0,1,0,0,0,0,1,2,,3,3,,3,2,1
2,58,36,1,13,39,2,8,0,1,7,1,0,1,1,16,38,0,56,57,933,2355,0,3145,3248,1,1,1,1,1,1,1,1,1,3,4,,4,4,4,4,1
2,25,38,1,19,56,1,19,0,1,2,0,1,1,1,11,0,32,33,24,290,0,733,770,578,0,1,0,0,1,0,0,1,0,2,,3,3,3,4,3,0
1,71,61,1,19,155,3,30,0,0,2,1,0,1,0,24,28,0,15,0,1684,1935,0,1030,0,1,0,0,0,1,1,1,1,0,3,3,,3,,5,3,0
1,22,33,1,13,119,5,0,0,1,4,1,1,0,1,4,23,52,0,60,89,520,1013,0,1231,1,1,1,1,1,1,0,1,1,1,3,4,,4,5,4,1
1,46,48,1,15,64,3,20,0,0,2,1,1,1,1,10,27,40,12,23,394,1317,1832,510,949,0,0,0,0,1,1,1,1,1,2,3,4,2,3,4,3,0
3,66,50,1,2,333,5,24,0,0,2,0,0,1,0,10,0,0,14,0,660,0,0,975,0,1,0,1,1,0,0,0,0,0,2,,,3,,6,2,0
1,69,58,1,29,26,2,7,0,1,3,1,1,1,1,33,33,54,29,51,2322,2378,3650,2055,3475,1,1,1,1,1,1,1,1,0,3,3,4,3,4,3,4,0
2,38,49,1,3,33,4,11,0,0,4,0,1,0,1,7,0,42,0,25,286,0,1642,0,954,1,0,0,1,0,1,0,1,1,2,,4,,3,3,2,0
3,16,35,0,7,46,3,3,0,0,1,0,1,0,0,5,0,27,0,0,74,0,434,0,0,0,0,0,0,0,0,0,0,1,2,,3,,,4,1,0
3,44,39,1,8,41,2,8,0,0,4,1,0,1,0,8,16,0,10,0,353,638,0,490,0,0,1,1,1,1,1,1,1,1,2,3,,2,,4,4,0
1,50,50,0,24,31,1,8,0,0,1,0,0,1,0,12,0,0,28,0,541,0,0,1355,0,0,0,0,0,0,0,1,1,0,2,,,3,,3,3,0
3,10,23,0,1,29,4,0,0,1,1,1,1,1,1,5,32,53,36,50,62,324,421,285,416,1,1,1,1,1,1,1,1,1,2,3,4,4,4,3,4,0
2,7,41,0,6,94,2,16,0,0,1,1,1,1,1,4,28,38,9,41,28,219,256,65,237,1,1,1,0,1,1,1,1,1,1,3,4,2,4,5,4,0
3,71,48,0,25,288,3,19,0,0,1,0,0,1,0,31,0,0,20,0,2124,0,0,1305,0,0,0,0,0,0,0,1,0,0,3,,,3,,6,1,0
3,16,39,1,5,31,1,4,0,1,5,0,0,0,0,5,0,0,0,0,70,0,0,0,0,0,0,0,0,0,0,0,0,0,2,,,,,3,1,0
3,6,20,0,0,25,2,0,0,1,2,1,0,1,0,2,21,0,16,0,19,114,0,95,0,0,0,0,0,1,1,1,1,0,1,3,,3,,3,3,0
2,46,55,0,24,269,2,35,0,0,1,1,0,1,0,10,39,0,18,0,450,1830,0,775,0,0,0,1,0,1,1,1,1,0,2,4,,3,,6,3,0
3,51,49,1,13,203,3,27,0,0,4,1,0,1,0,18,22,0,22,0,962,1125,0,1075,0,0,1,0,0,1,1,1,1,0,3,3,,3,,5,3,0
3,5,34,0,12,22,2,2,0,0,2,1,1,0,1,4,13,29,0,19,16,47,144,0,86,0,1,0,0,0,1,1,0,1,1,3,3,,3,3,1,1
2,49,54,1,23,25,2,1,0,1,4,0,0,1,0,15,0,0,41,0,720,0,0,1980,0,0,0,0,0,0,0,0,0,0,3,,,4,,3,1,0
3,49,51,1,14,222,5,16,0,0,2,0,0,0,0,12,0,0,0,0,576,0,0,0,0,1,0,0,1,0,1,0,0,1,3,,,,,5,2,0
1,26,30,1,4,76,3,7,0,0,2,0,1,0,0,9,0,29,0,0,215,0,697,0,0,0,0,1,0,0,0,0,0,1,2,,3,,,4,1,0
3,22,39,0,4,55,2,17,0,1,1,1,0,1,1,5,39,0,18,50,82,908,0,290,1147,0,1,1,1,1,1,1,1,1,2,4,,3,4,4,4,1
3,51,45,1,4,46,3,6,0,0,2,1,1,1,1,21,35,49,32,49,1082,1712,2496,1600,2353,1,1,1,1,1,1,1,1,0,3,4,4,3,4,4,4,0
1,19,27,1,7,56,4,1,0,0,4,0,1,1,1,5,0,46,22,38,98,0,804,445,693,1,1,1,1,1,1,1,1,1,2,,4,3,4,4,4,1
1,9,36,0,1,79,3,11,0,1,5,1,1,1,1,6,28,34,31,26,45,246,247,230,187,0,1,0,0,1,1,1,1,0,2,3,4,3,3,4,3,1
3,15,25,1,0,51,3,2,0,1,2,0,0,0,0,3,0,0,0,0,45,0,0,0,0,0,0,0,0,0,0,0,0,0,1,,,,,4,1,0
2,57,63,0,19,61,1,27,0,0,1,1,0,1,0,13,38,0,34,0,768,2240,0,1880,0,0,0,0,0,1,1,1,1,0,3,4,,4,,4,3,0
3,48,45,0,15,41,1,10,0,1,2,0,0,0,0,10,0,0,0,0,446,0,0,0,0,0,0,0,0,0,0,0,0,0,2,,,,,4,1,0
2,9,53,1,20,50,2,13,0,1,2,0,1,0,0,3,0,21,0,0,22,0,196,0,0,0,0,0,0,0,0,0,0,1,1,,3,,,4,1,1
1,61,52,0,21,82,1,18,0,0,1,0,0,1,0,12,0,0,16,0,752,0,0,910,0,0,0,0,0,1,0,1,1,0,2,,,3,,4,3,0
3,72,53,0,34,108,1,23,0,0,1,1,0,1,1,33,36,0,15,41,2361,2535,0,1060,2886,1,0,0,0,1,1,1,1,0,3,4,,3,4,5,3,0
3,57,60,0,20,14,2,27,1,1,1,1,0,1,0,16,14,0,12,0,939,822,0,630,0,0,0,0,0,0,1,1,1,0,3,3,,2,,3,3,0
2,57,51,0,10,46,1,13,0,0,1,0,0,1,0,15,0,0,8,0,901,0,0,395,0,1,0,0,1,0,0,0,1,0,3,,,2,,4,2,0
1,37,60,1,0,46,1,20,0,0,3,1,0,1,0,9,38,0,22,0,294,1378,0,785,0,0,0,0,0,1,1,1,1,0,2,4,,3,,4,3,0
3,45,51,0,13,146,4,16,0,0,2,0,0,1,0,20,0,0,38,0,870,0,0,1640,0,0,0,0,0,0,0,0,0,1,3,,,4,,5,1,0
3,45,39,1,15,36,1,11,0,1,5,0,0,1,0,15,0,0,14,0,737,0,0,615,0,0,0,0,1,0,0,0,0,0,3,,,3,,4,1,0
2,55,44,0,24,83,1,23,0,1,1,1,0,1,0,17,25,0,14,0,973,1344,0,720,0,0,0,0,0,0,0,1,1,0,3,3,,3,,4,3,0
2,24,27,0,2,17,3,3,0,0,5,1,0,0,0,5,19,0,0,0,89,462,0,0,0,1,1,0,0,0,1,0,0,0,2,3,,,,3,2,1
3,1,20,0,1,18,3,0,0,0,1,0,1,0,1,4,0,34,0,17,4,0,34,0,17,0,1,0,1,0,0,0,1,1,1,,4,,3,3,1,1
2,34,23,1,3,24,1,7,0,1,4,1,0,1,0,6,28,0,13,0,203,959,0,435,0,0,0,0,0,0,1,1,1,0,2,3,,3,,3,3,0
3,14,37,1,5,48,3,1,0,1,4,1,0,0,0,5,15,0,0,0,78,230,0,0,0,0,0,0,0,0,0,0,0,0,2,3,,,,4,1,0
3,6,32,0,10,47,1,10,0,0,1,1,0,1,0,4,24,0,13,0,30,128,0,80,0,0,0,0,0,1,1,1,1,0,1,3,,3,,4,3,0
3,24,30,0,0,25,4,5,0,0,2,1,0,1,1,9,48,0,33,64,187,1153,0,780,1543,0,1,1,1,1,1,1,1,1,2,4,,3,4,3,4,1
2,3,26,1,6,59,4,0,0,1,3,1,1,1,1,3,24,30,11,19,3,81,67,10,30,0,1,1,0,1,0,1,1,0,1,3,3,2,3,4,4,1
1,4,30,0,1,45,4,6,0,0,3,0,1,1,0,4,0,34,29,0,9,0,116,80,0,0,1,0,1,1,0,1,1,1,1,,4,3,,4,4,1
1,72,40,1,19,163,4,15,0,0,2,1,0,1,0,39,31,0,15,0,2914,2177,0,1070,0,1,0,0,0,0,0,0,1,1,4,3,,3,,5,2,0
1,44,56,0,4,63,2,6,0,1,1,1,0,0,0,8,20,0,0,0,342,862,0,0,0,1,0,0,0,1,1,0,0,0,2,3,,,,4,3,1
1,50,43,0,6,27,3,4,0,0,1,1,0,1,0,15,45,0,53,0,818,2320,0,2645,0,0,0,0,0,1,1,1,1,0,3,4,,4,,3,3,0
2,61,50,1,16,190,2,22,0,1,2,0,1,1,1,17,0,43,27,44,1063,0,2544,1600,2540,1,0,0,1,0,0,1,0,1,3,,4,3,4,5,2,0
1,34,52,1,2,106,2,19,0,0,2,1,0,1,0,5,19,0,14,0,154,649,0,430,0,0,0,0,1,1,0,1,1,0,2,3,,3,,5,3,0
3,26,54,1,30,26,3,1,0,1,2,1,0,1,1,5,24,0,24,39,149,670,0,610,1004,0,0,1,0,1,1,1,1,1,2,3,,3,4,3,4,1
1,15,46,1,17,63,5,1,0,0,2,1,1,0,1,4,17,43,0,33,41,207,548,0,475,1,1,1,1,1,0,1,1,1,1,3,4,,3,4,4,1
3,10,39,0,0,27,3,0,0,1,3,0,1,0,0,3,0,29,0,0,32,0,266,0,0,0,0,0,0,0,0,0,0,1,1,,3,,,3,1,0
1,7,34,0,2,22,5,5,0,1,1,0,1,0,0,5,0,26,0,0,29,0,179,0,0,0,0,0,0,0,0,0,0,0,2,,3,,,3,1,0
3,67,59,0,40,944,5,33,0,1,1,1,1,1,1,27,32,55,36,66,1838,2118,3637,2360,4393,1,1,1,1,1,1,1,1,1,3,3,4,4,4,7,4,0
3,70,49,0,18,87,2,22,0,1,1,1,0,1,0,26,34,0,25,0,1842,2368,0,1705,0,0,1,0,0,1,1,1,1,0,3,4,,3,,4,3,0
3,50,36,1,7,39,3,3,0,1,3,0,1,1,0,13,0,34,16,0,665,0,1652,745,0,1,0,0,1,0,0,0,0,1,3,,4,3,,4,2,1
